employee_id,department,grade,contract_type,age,gender,hire_date,exit_date
EMP00001,Economics & Policy,Assistant,Open-ended,29,Male,2025-05-30,
EMP00002,Economics & Policy,Assistant,Fixed-term,32,Female,2020-07-13,
EMP00003,Economics & Policy,Assistant,Open-ended,28,Female,2017-10-06,
EMP00004,Economics & Policy,Assistant,Fixed-term,34,Male,2024-05-12,
EMP00005,Economics & Policy,Assistant,Fixed-term,32,Male,2013-10-09,2022-01-01
EMP00006,Economics & Policy,Assistant,Fixed-term,25,Male,2015-04-15,
EMP00007,Economics & Policy,Assistant,Fixed-term,27,Female,2017-10-08,
EMP00008,Economics & Policy,Assistant,Fixed-term,32,Female,2014-11-01,
EMP00009,Economics & Policy,Assistant,Open-ended,34,Female,2011-03-13,
EMP00010,Economics & Policy,Assistant,Fixed-term,30,Male,2020-07-30,
EMP00011,Economics & Policy,Assistant,Open-ended,35,Female,2011-07-18,
EMP00012,Economics & Policy,Assistant,Fixed-term,30,Male,2013-11-19,
EMP00013,Economics & Policy,Assistant,Fixed-term,35,Male,2024-06-25,
EMP00014,Economics & Policy,Assistant,Fixed-term,34,Female,2016-09-30,2023-10-13
EMP00015,Economics & Policy,Assistant,Fixed-term,30,Female,2015-03-13,
EMP00016,Economics & Policy,Assistant,Open-ended,30,Female,2023-05-09,
EMP00017,Economics & Policy,Assistant,Open-ended,31,Male,2024-06-13,
EMP00018,Economics & Policy,Assistant,Fixed-term,29,Male,2018-07-31,
EMP00019,Economics & Policy,Assistant,Fixed-term,23,Female,2018-06-20,
EMP00020,Economics & Policy,Assistant,Fixed-term,29,Female,2025-02-27,
EMP00021,Economics & Policy,Assistant,Open-ended,25,Female,2012-08-23,
EMP00022,Economics & Policy,Assistant,Fixed-term,27,Female,2015-09-12,
EMP00023,Economics & Policy,Assistant,Fixed-term,29,Female,2018-04-16,
EMP00024,Economics & Policy,Assistant,Fixed-term,27,Male,2021-01-12,
EMP00025,Economics & Policy,Assistant,Open-ended,32,Female,2020-02-22,
EMP00026,Economics & Policy,Assistant,Fixed-term,33,Male,2024-12-23,2025-05-09
EMP00027,Economics & Policy,Assistant,Fixed-term,27,Female,2024-03-09,
EMP00028,Economics & Policy,Assistant,Fixed-term,30,Female,2016-03-05,
EMP00029,Economics & Policy,Assistant,Open-ended,29,Male,2015-08-01,
EMP00030,Economics & Policy,Assistant,Fixed-term,23,Male,2013-06-10,
EMP00031,Economics & Policy,Assistant,Fixed-term,25,Male,2015-10-11,
EMP00032,Economics & Policy,Assistant,Fixed-term,29,Male,2020-01-06,
EMP00033,Economics & Policy,Assistant,Fixed-term,30,Female,2011-08-23,
EMP00034,Economics & Policy,Assistant,Fixed-term,23,Female,2020-05-27,
EMP00035,Economics & Policy,Assistant,Fixed-term,34,Female,2014-11-07,
EMP00036,Economics & Policy,Assistant,Open-ended,29,Male,2016-06-19,
EMP00037,Economics & Policy,Assistant,Fixed-term,23,Female,2022-03-22,
EMP00038,Economics & Policy,Assistant,Fixed-term,32,Male,2021-01-28,
EMP00039,Economics & Policy,Assistant,Open-ended,34,Female,2022-04-20,
EMP00040,Economics & Policy,Assistant,Open-ended,25,Male,2023-06-03,
EMP00041,Economics & Policy,Assistant,Fixed-term,30,Male,2015-01-22,
EMP00042,Economics & Policy,Assistant,Open-ended,31,Female,2019-03-18,
EMP00043,Economics & Policy,Assistant,Fixed-term,28,Female,2022-03-28,
EMP00044,Economics & Policy,Assistant,Open-ended,27,Male,2025-06-27,
EMP00045,Economics & Policy,Assistant,Fixed-term,34,Female,2020-07-15,
EMP00046,Economics & Policy,Assistant,Fixed-term,28,Female,2020-04-14,
EMP00047,Economics & Policy,Assistant,Fixed-term,23,Male,2023-07-22,
EMP00048,Economics & Policy,Assistant,Open-ended,26,Female,2011-02-23,
EMP00049,Economics & Policy,Assistant,Fixed-term,27,Male,2014-01-02,
EMP00050,Economics & Policy,Assistant,Open-ended,27,Female,2025-01-12,
EMP00051,Economics & Policy,Assistant,Fixed-term,29,Female,2011-06-14,
EMP00052,Economics & Policy,Assistant,Open-ended,28,Male,2018-08-02,
EMP00053,Economics & Policy,Assistant,Fixed-term,28,Female,2011-07-11,
EMP00054,Economics & Policy,Assistant,Fixed-term,30,Female,2022-12-27,
EMP00055,Economics & Policy,Assistant,Open-ended,29,Male,2024-11-01,
EMP00056,Economics & Policy,Assistant,Fixed-term,29,Female,2022-05-15,
EMP00057,Economics & Policy,Assistant,Fixed-term,34,Female,2025-05-15,
EMP00058,Economics & Policy,Assistant,Fixed-term,28,Female,2012-09-03,
EMP00059,Economics & Policy,Assistant,Fixed-term,32,Male,2024-03-07,
EMP00060,Economics & Policy,Assistant,Fixed-term,34,Female,2019-08-28,
EMP00061,Economics & Policy,Assistant,Open-ended,29,Male,2013-10-25,
EMP00062,Economics & Policy,Assistant,Open-ended,29,Male,2023-01-19,
EMP00063,Economics & Policy,Assistant,Fixed-term,25,Female,2021-03-01,
EMP00064,Economics & Policy,Assistant,Fixed-term,32,Female,2014-04-02,
EMP00065,Economics & Policy,Assistant,Fixed-term,32,Male,2018-11-26,2020-03-28
EMP00066,Economics & Policy,Assistant,Fixed-term,35,Female,2025-08-20,
EMP00067,Economics & Policy,Assistant,Fixed-term,28,Female,2019-09-20,
EMP00068,Economics & Policy,Assistant,Fixed-term,28,Female,2014-07-04,2022-11-19
EMP00069,Economics & Policy,Assistant,Fixed-term,27,Male,2017-11-21,
EMP00070,Economics & Policy,Assistant,Fixed-term,27,Female,2018-11-26,2025-09-20
EMP00071,Economics & Policy,Assistant,Fixed-term,23,Male,2023-09-23,
EMP00072,Economics & Policy,Assistant,Open-ended,24,Female,2020-10-23,
EMP00073,Economics & Policy,Assistant,Fixed-term,25,Male,2024-12-07,
EMP00074,Economics & Policy,Assistant,Open-ended,25,Female,2021-10-25,
EMP00075,Economics & Policy,Assistant,Fixed-term,34,Female,2018-01-27,
EMP00076,Economics & Policy,Analyst,Fixed-term,37,Male,2015-07-21,
EMP00077,Economics & Policy,Analyst,Open-ended,34,Male,2015-04-03,2017-04-01
EMP00078,Economics & Policy,Analyst,Fixed-term,32,Female,2020-08-03,
EMP00079,Economics & Policy,Analyst,Open-ended,30,Female,2015-05-28,
EMP00080,Economics & Policy,Analyst,Open-ended,35,Female,2022-06-01,
EMP00081,Economics & Policy,Analyst,Fixed-term,34,Female,2025-11-12,
EMP00082,Economics & Policy,Analyst,Fixed-term,36,Male,2012-03-08,
EMP00083,Economics & Policy,Analyst,Open-ended,36,Female,2018-09-20,
EMP00084,Economics & Policy,Analyst,Fixed-term,32,Female,2019-02-23,
EMP00085,Economics & Policy,Analyst,Fixed-term,36,Female,2025-03-26,
EMP00086,Economics & Policy,Analyst,Open-ended,37,Female,2013-02-08,
EMP00087,Economics & Policy,Analyst,Open-ended,39,Female,2018-01-20,
EMP00088,Economics & Policy,Analyst,Fixed-term,40,Male,2019-04-19,2024-12-25
EMP00089,Economics & Policy,Analyst,Open-ended,32,Male,2014-11-26,
EMP00090,Economics & Policy,Analyst,Open-ended,34,Female,2016-02-08,
EMP00091,Economics & Policy,Analyst,Open-ended,40,Male,2022-07-25,
EMP00092,Economics & Policy,Analyst,Fixed-term,30,Female,2014-07-04,
EMP00093,Economics & Policy,Analyst,Open-ended,35,Female,2016-06-18,
EMP00094,Economics & Policy,Analyst,Fixed-term,36,Female,2013-05-10,
EMP00095,Economics & Policy,Analyst,Open-ended,37,Male,2016-03-04,
EMP00096,Economics & Policy,Analyst,Open-ended,32,Female,2014-07-11,
EMP00097,Economics & Policy,Analyst,Open-ended,36,Female,2020-08-24,
EMP00098,Economics & Policy,Analyst,Open-ended,30,Male,2025-02-24,
EMP00099,Economics & Policy,Analyst,Fixed-term,33,Male,2023-05-03,
EMP00100,Economics & Policy,Analyst,Fixed-term,37,Male,2012-07-30,
EMP00101,Economics & Policy,Analyst,Fixed-term,38,Male,2025-09-01,
EMP00102,Economics & Policy,Analyst,Fixed-term,39,Male,2015-06-07,
EMP00103,Economics & Policy,Analyst,Open-ended,30,Male,2016-06-04,
EMP00104,Economics & Policy,Analyst,Fixed-term,29,Female,2013-11-18,
EMP00105,Economics & Policy,Analyst,Open-ended,28,Female,2022-06-27,
EMP00106,Economics & Policy,Analyst,Fixed-term,28,Female,2016-12-29,
EMP00107,Economics & Policy,Analyst,Open-ended,34,Male,2018-08-25,
EMP00108,Economics & Policy,Analyst,Open-ended,32,Female,2018-07-24,
EMP00109,Economics & Policy,Analyst,Fixed-term,32,Male,2016-09-16,
EMP00110,Economics & Policy,Analyst,Open-ended,28,Female,2016-10-19,
EMP00111,Economics & Policy,Analyst,Open-ended,37,Male,2017-01-11,
EMP00112,Economics & Policy,Analyst,Open-ended,28,Male,2019-06-02,
EMP00113,Economics & Policy,Analyst,Open-ended,34,Female,2022-01-01,
EMP00114,Economics & Policy,Analyst,Fixed-term,33,Male,2014-09-28,
EMP00115,Economics & Policy,Analyst,Open-ended,38,Female,2014-09-30,
EMP00116,Economics & Policy,Analyst,Open-ended,39,Male,2016-12-05,
EMP00117,Economics & Policy,Analyst,Fixed-term,35,Female,2020-11-25,2025-10-28
EMP00118,Economics & Policy,Analyst,Fixed-term,32,Male,2021-07-22,
EMP00119,Economics & Policy,Analyst,Fixed-term,36,Female,2020-07-14,
EMP00120,Economics & Policy,Analyst,Fixed-term,31,Male,2016-04-08,
EMP00121,Economics & Policy,Analyst,Fixed-term,29,Female,2025-02-17,
EMP00122,Economics & Policy,Analyst,Open-ended,33,Female,2012-07-14,
EMP00123,Economics & Policy,Analyst,Fixed-term,37,Female,2017-05-22,
EMP00124,Economics & Policy,Analyst,Fixed-term,35,Male,2022-06-12,
EMP00125,Economics & Policy,Analyst,Open-ended,28,Male,2014-08-06,
EMP00126,Economics & Policy,Analyst,Fixed-term,35,Male,2022-05-23,
EMP00127,Economics & Policy,Analyst,Fixed-term,40,Male,2025-12-21,
EMP00128,Economics & Policy,Analyst,Open-ended,34,Male,2015-04-18,
EMP00129,Economics & Policy,Analyst,Fixed-term,30,Female,2023-08-23,
EMP00130,Economics & Policy,Analyst,Fixed-term,28,Female,2011-06-12,
EMP00131,Economics & Policy,Analyst,Open-ended,31,Female,2011-04-14,
EMP00132,Economics & Policy,Analyst,Open-ended,31,Female,2024-01-08,
EMP00133,Economics & Policy,Analyst,Fixed-term,30,Male,2018-08-08,
EMP00134,Economics & Policy,Analyst,Open-ended,35,Female,2021-07-16,2022-04-19
EMP00135,Economics & Policy,Analyst,Fixed-term,33,Male,2018-02-13,2024-09-07
EMP00136,Economics & Policy,Analyst,Open-ended,35,Female,2011-10-07,
EMP00137,Economics & Policy,Analyst,Open-ended,35,Female,2012-05-19,
EMP00138,Economics & Policy,Analyst,Fixed-term,33,Male,2018-02-01,
EMP00139,Economics & Policy,Analyst,Open-ended,29,Female,2014-03-24,
EMP00140,Economics & Policy,Analyst,Open-ended,31,Female,2016-09-16,
EMP00141,Economics & Policy,Analyst,Fixed-term,32,Male,2016-08-25,
EMP00142,Economics & Policy,Analyst,Open-ended,35,Male,2015-09-07,
EMP00143,Economics & Policy,Analyst,Fixed-term,29,Male,2017-08-10,
EMP00144,Economics & Policy,Analyst,Fixed-term,35,Male,2021-03-03,
EMP00145,Economics & Policy,Analyst,Fixed-term,39,Male,2016-04-29,
EMP00146,Economics & Policy,Analyst,Fixed-term,39,Female,2025-12-05,2026-01-03
EMP00147,Economics & Policy,Analyst,Open-ended,35,Female,2014-09-13,
EMP00148,Economics & Policy,Analyst,Open-ended,38,Male,2022-09-04,
EMP00149,Economics & Policy,Analyst,Fixed-term,29,Male,2024-01-01,
EMP00150,Economics & Policy,Analyst,Open-ended,33,Female,2017-02-05,
EMP00151,Economics & Policy,Analyst,Open-ended,34,Male,2021-03-13,
EMP00152,Economics & Policy,Analyst,Fixed-term,33,Male,2014-05-24,
EMP00153,Economics & Policy,Analyst,Open-ended,40,Female,2014-07-15,
EMP00154,Economics & Policy,Analyst,Open-ended,36,Female,2013-09-14,
EMP00155,Economics & Policy,Analyst,Fixed-term,29,Male,2016-03-17,
EMP00156,Economics & Policy,Analyst,Fixed-term,31,Female,2019-12-10,
EMP00157,Economics & Policy,Analyst,Open-ended,31,Male,2011-05-12,
EMP00158,Economics & Policy,Analyst,Open-ended,37,Female,2022-05-06,
EMP00159,Economics & Policy,Analyst,Fixed-term,33,Male,2012-01-18,
EMP00160,Economics & Policy,Analyst,Open-ended,40,Male,2013-10-18,
EMP00161,Economics & Policy,Analyst,Fixed-term,38,Male,2026-01-02,2026-01-30
EMP00162,Economics & Policy,Analyst,Fixed-term,37,Female,2020-10-10,
EMP00163,Economics & Policy,Analyst,Fixed-term,34,Female,2020-08-14,
EMP00164,Economics & Policy,Analyst,Fixed-term,34,Female,2022-02-10,
EMP00165,Economics & Policy,Analyst,Fixed-term,32,Female,2011-08-27,2025-06-07
EMP00166,Economics & Policy,Senior Analyst,Open-ended,37,Female,2015-07-21,
EMP00167,Economics & Policy,Senior Analyst,Open-ended,36,Female,2020-12-16,2023-01-18
EMP00168,Economics & Policy,Senior Analyst,Fixed-term,37,Male,2016-07-20,2019-10-18
EMP00169,Economics & Policy,Senior Analyst,Open-ended,35,Female,2024-02-16,
EMP00170,Economics & Policy,Senior Analyst,Open-ended,35,Female,2020-07-01,
EMP00171,Economics & Policy,Senior Analyst,Open-ended,46,Female,2023-03-18,
EMP00172,Economics & Policy,Senior Analyst,Fixed-term,41,Female,2013-01-29,
EMP00173,Economics & Policy,Senior Analyst,Open-ended,35,Female,2020-09-02,
EMP00174,Economics & Policy,Senior Analyst,Open-ended,37,Female,2025-01-07,
EMP00175,Economics & Policy,Senior Analyst,Fixed-term,37,Female,2020-03-26,
EMP00176,Economics & Policy,Senior Analyst,Fixed-term,50,Male,2016-04-22,
EMP00177,Economics & Policy,Senior Analyst,Open-ended,41,Male,2020-07-31,2022-08-29
EMP00178,Economics & Policy,Senior Analyst,Fixed-term,37,Male,2011-12-31,
EMP00179,Economics & Policy,Senior Analyst,Open-ended,37,Female,2019-06-19,
EMP00180,Economics & Policy,Senior Analyst,Open-ended,42,Male,2018-01-19,
EMP00181,Economics & Policy,Senior Analyst,Open-ended,40,Female,2013-05-09,2015-06-23
EMP00182,Economics & Policy,Senior Analyst,Open-ended,35,Female,2021-03-21,
EMP00183,Economics & Policy,Senior Analyst,Open-ended,46,Male,2020-12-10,
EMP00184,Economics & Policy,Senior Analyst,Fixed-term,41,Female,2013-04-21,
EMP00185,Economics & Policy,Senior Analyst,Fixed-term,36,Female,2020-11-23,2022-11-07
EMP00186,Economics & Policy,Senior Analyst,Open-ended,48,Male,2022-08-31,
EMP00187,Economics & Policy,Senior Analyst,Open-ended,35,Male,2022-02-22,
EMP00188,Economics & Policy,Senior Analyst,Open-ended,40,Male,2016-09-19,
EMP00189,Economics & Policy,Senior Analyst,Open-ended,36,Female,2017-01-21,
EMP00190,Economics & Policy,Senior Analyst,Open-ended,40,Male,2023-12-04,2023-12-31
EMP00191,Economics & Policy,Senior Analyst,Open-ended,43,Female,2022-10-10,
EMP00192,Economics & Policy,Senior Analyst,Open-ended,39,Female,2020-08-10,
EMP00193,Economics & Policy,Senior Analyst,Fixed-term,44,Male,2019-07-02,
EMP00194,Economics & Policy,Senior Analyst,Open-ended,39,Male,2022-05-24,
EMP00195,Economics & Policy,Senior Analyst,Open-ended,50,Male,2018-12-01,
EMP00196,Economics & Policy,Senior Analyst,Open-ended,41,Female,2023-06-05,
EMP00197,Economics & Policy,Senior Analyst,Fixed-term,38,Female,2015-12-05,
EMP00198,Economics & Policy,Senior Analyst,Fixed-term,45,Female,2011-07-10,
EMP00199,Economics & Policy,Senior Analyst,Open-ended,42,Female,2011-04-08,
EMP00200,Economics & Policy,Senior Analyst,Open-ended,41,Female,2014-07-13,
EMP00201,Economics & Policy,Senior Analyst,Fixed-term,40,Male,2015-08-01,
EMP00202,Economics & Policy,Senior Analyst,Open-ended,47,Female,2021-10-06,
EMP00203,Economics & Policy,Senior Analyst,Open-ended,50,Male,2022-03-23,
EMP00204,Economics & Policy,Senior Analyst,Open-ended,40,Male,2025-05-12,
EMP00205,Economics & Policy,Senior Analyst,Open-ended,43,Female,2020-04-19,
EMP00206,Economics & Policy,Senior Analyst,Open-ended,41,Male,2022-12-31,
EMP00207,Economics & Policy,Senior Analyst,Fixed-term,41,Female,2015-04-08,
EMP00208,Economics & Policy,Senior Analyst,Fixed-term,49,Male,2019-06-07,
EMP00209,Economics & Policy,Senior Analyst,Open-ended,35,Male,2018-05-28,
EMP00210,Economics & Policy,Senior Analyst,Open-ended,39,Female,2022-10-25,
EMP00211,Economics & Policy,Senior Analyst,Open-ended,42,Female,2013-08-15,
EMP00212,Economics & Policy,Senior Analyst,Open-ended,47,Male,2020-09-28,
EMP00213,Economics & Policy,Senior Analyst,Open-ended,48,Female,2019-11-24,
EMP00214,Economics & Policy,Senior Analyst,Fixed-term,45,Female,2022-05-24,
EMP00215,Economics & Policy,Senior Analyst,Open-ended,39,Male,2020-09-18,
EMP00216,Economics & Policy,Senior Analyst,Open-ended,48,Female,2023-03-31,
EMP00217,Economics & Policy,Senior Analyst,Open-ended,37,Female,2016-09-01,
EMP00218,Economics & Policy,Senior Analyst,Fixed-term,43,Male,2018-04-23,
EMP00219,Economics & Policy,Senior Analyst,Open-ended,38,Male,2016-02-09,
EMP00220,Economics & Policy,Senior Analyst,Open-ended,40,Female,2025-12-11,
EMP00221,Economics & Policy,Senior Analyst,Open-ended,36,Female,2024-06-05,
EMP00222,Economics & Policy,Senior Analyst,Open-ended,49,Male,2020-11-10,
EMP00223,Economics & Policy,Senior Analyst,Fixed-term,43,Male,2018-02-03,
EMP00224,Economics & Policy,Senior Analyst,Open-ended,39,Male,2018-08-05,
EMP00225,Economics & Policy,Senior Analyst,Fixed-term,35,Female,2017-11-08,
EMP00226,Economics & Policy,Senior Analyst,Open-ended,42,Female,2022-03-30,
EMP00227,Economics & Policy,Senior Analyst,Open-ended,43,Female,2014-11-18,
EMP00228,Economics & Policy,Senior Analyst,Fixed-term,37,Female,2014-06-09,
EMP00229,Economics & Policy,Senior Analyst,Open-ended,43,Female,2014-12-26,
EMP00230,Economics & Policy,Senior Analyst,Fixed-term,49,Male,2021-12-23,
EMP00231,Economics & Policy,Senior Analyst,Fixed-term,39,Male,2013-04-12,
EMP00232,Economics & Policy,Senior Analyst,Open-ended,42,Female,2017-08-30,
EMP00233,Economics & Policy,Senior Analyst,Open-ended,42,Male,2016-07-26,
EMP00234,Economics & Policy,Senior Analyst,Open-ended,37,Male,2015-10-08,
EMP00235,Economics & Policy,Senior Analyst,Fixed-term,39,Male,2021-05-03,
EMP00236,Economics & Policy,Senior Analyst,Open-ended,45,Female,2025-03-15,
EMP00237,Economics & Policy,Senior Analyst,Open-ended,45,Female,2022-01-18,
EMP00238,Economics & Policy,Senior Analyst,Fixed-term,47,Female,2016-07-15,
EMP00239,Economics & Policy,Senior Analyst,Open-ended,35,Female,2024-03-25,
EMP00240,Economics & Policy,Senior Analyst,Fixed-term,50,Male,2020-10-03,
EMP00241,Economics & Policy,Manager,Open-ended,54,Male,2011-11-11,
EMP00242,Economics & Policy,Manager,Open-ended,57,Male,2013-12-13,
EMP00243,Economics & Policy,Manager,Open-ended,40,Male,2017-07-18,
EMP00244,Economics & Policy,Manager,Open-ended,51,Male,2024-11-28,2025-12-28
EMP00245,Economics & Policy,Manager,Open-ended,40,Male,2022-01-19,
EMP00246,Economics & Policy,Manager,Open-ended,41,Male,2012-07-06,
EMP00247,Economics & Policy,Manager,Open-ended,46,Female,2017-02-19,
EMP00248,Economics & Policy,Manager,Open-ended,54,Male,2020-10-07,
EMP00249,Economics & Policy,Manager,Open-ended,51,Male,2022-05-16,
EMP00250,Economics & Policy,Manager,Open-ended,45,Female,2023-11-16,
EMP00251,Economics & Policy,Manager,Open-ended,42,Male,2013-04-08,
EMP00252,Economics & Policy,Manager,Open-ended,55,Female,2013-10-18,
EMP00253,Economics & Policy,Manager,Open-ended,54,Female,2023-04-09,2024-04-21
EMP00254,Economics & Policy,Manager,Open-ended,42,Male,2019-12-06,
EMP00255,Economics & Policy,Manager,Open-ended,51,Male,2013-11-19,
EMP00256,Economics & Policy,Manager,Open-ended,41,Male,2025-04-17,2026-01-16
EMP00257,Economics & Policy,Manager,Open-ended,57,Male,2011-07-22,
EMP00258,Economics & Policy,Manager,Open-ended,40,Male,2013-03-26,
EMP00259,Economics & Policy,Manager,Open-ended,56,Male,2012-09-20,
EMP00260,Economics & Policy,Manager,Open-ended,40,Male,2022-12-23,
EMP00261,Economics & Policy,Manager,Open-ended,40,Female,2013-08-12,
EMP00262,Economics & Policy,Manager,Open-ended,53,Male,2019-06-06,
EMP00263,Economics & Policy,Manager,Fixed-term,47,Female,2012-11-02,
EMP00264,Economics & Policy,Manager,Open-ended,46,Female,2013-01-22,
EMP00265,Economics & Policy,Manager,Open-ended,54,Female,2012-05-10,
EMP00266,Economics & Policy,Manager,Open-ended,42,Female,2024-09-15,
EMP00267,Economics & Policy,Manager,Open-ended,51,Female,2015-05-17,
EMP00268,Economics & Policy,Manager,Open-ended,53,Male,2021-07-08,
EMP00269,Economics & Policy,Manager,Open-ended,58,Male,2012-11-29,
EMP00270,Economics & Policy,Manager,Open-ended,42,Male,2022-05-30,
EMP00271,Economics & Policy,Manager,Open-ended,54,Female,2021-09-30,
EMP00272,Economics & Policy,Manager,Open-ended,44,Male,2020-07-22,2025-03-31
EMP00273,Economics & Policy,Manager,Open-ended,58,Male,2014-08-03,
EMP00274,Economics & Policy,Manager,Open-ended,41,Female,2016-01-09,
EMP00275,Economics & Policy,Manager,Open-ended,51,Female,2021-01-08,
EMP00276,Economics & Policy,Manager,Open-ended,47,Male,2020-04-29,
EMP00277,Economics & Policy,Manager,Fixed-term,44,Female,2023-10-30,
EMP00278,Economics & Policy,Manager,Open-ended,54,Male,2019-09-28,
EMP00279,Economics & Policy,Manager,Open-ended,41,Female,2016-09-14,
EMP00280,Economics & Policy,Manager,Open-ended,43,Female,2020-08-04,
EMP00281,Economics & Policy,Manager,Open-ended,55,Male,2019-01-07,
EMP00282,Economics & Policy,Manager,Open-ended,47,Female,2017-07-25,
EMP00283,Economics & Policy,Manager,Open-ended,50,Female,2017-02-27,
EMP00284,Economics & Policy,Manager,Open-ended,54,Female,2014-08-04,
EMP00285,Economics & Policy,Manager,Open-ended,41,Female,2013-12-16,
EMP00286,Economics & Policy,Director,Open-ended,47,Male,2025-04-12,
EMP00287,Economics & Policy,Director,Open-ended,58,Male,2018-08-09,
EMP00288,Economics & Policy,Director,Open-ended,46,Female,2014-05-30,
EMP00289,Economics & Policy,Director,Open-ended,55,Male,2025-12-03,2026-01-17
EMP00290,Economics & Policy,Director,Open-ended,64,Male,2013-07-17,
EMP00291,Economics & Policy,Director,Open-ended,45,Female,2023-09-24,
EMP00292,Economics & Policy,Director,Open-ended,45,Female,2017-11-16,
EMP00293,Economics & Policy,Director,Open-ended,61,Male,2021-12-03,
EMP00294,Economics & Policy,Director,Open-ended,58,Male,2025-11-26,
EMP00295,Economics & Policy,Director,Open-ended,49,Female,2020-02-11,
EMP00296,Economics & Policy,Director,Open-ended,53,Female,2024-03-13,
EMP00297,Economics & Policy,Director,Open-ended,53,Female,2019-10-16,
EMP00298,Economics & Policy,Director,Open-ended,50,Male,2013-11-03,
EMP00299,Economics & Policy,Director,Open-ended,45,Male,2012-05-06,
EMP00300,Economics & Policy,Director,Open-ended,56,Male,2013-08-11,
EMP00301,Energy & Climate,Assistant,Fixed-term,23,Female,2020-03-29,
EMP00302,Energy & Climate,Assistant,Fixed-term,32,Male,2013-11-29,
EMP00303,Energy & Climate,Assistant,Open-ended,24,Male,2014-04-29,
EMP00304,Energy & Climate,Assistant,Fixed-term,27,Female,2018-11-07,
EMP00305,Energy & Climate,Assistant,Open-ended,24,Male,2013-11-07,
EMP00306,Energy & Climate,Assistant,Open-ended,27,Male,2013-01-21,
EMP00307,Energy & Climate,Assistant,Fixed-term,35,Male,2026-01-12,
EMP00308,Energy & Climate,Assistant,Fixed-term,26,Male,2025-07-18,
EMP00309,Energy & Climate,Assistant,Open-ended,26,Male,2022-02-05,
EMP00310,Energy & Climate,Assistant,Fixed-term,33,Female,2025-03-23,
EMP00311,Energy & Climate,Assistant,Fixed-term,30,Female,2024-12-02,
EMP00312,Energy & Climate,Assistant,Fixed-term,29,Male,2015-10-12,
EMP00313,Energy & Climate,Assistant,Open-ended,29,Male,2014-07-04,
EMP00314,Energy & Climate,Assistant,Fixed-term,32,Male,2015-08-25,
EMP00315,Energy & Climate,Assistant,Fixed-term,23,Male,2022-06-14,
EMP00316,Energy & Climate,Assistant,Open-ended,29,Male,2024-10-26,
EMP00317,Energy & Climate,Assistant,Fixed-term,24,Female,2012-06-03,
EMP00318,Energy & Climate,Assistant,Fixed-term,27,Female,2018-11-29,
EMP00319,Energy & Climate,Assistant,Fixed-term,33,Male,2014-02-11,
EMP00320,Energy & Climate,Assistant,Fixed-term,24,Male,2021-04-24,
EMP00321,Energy & Climate,Assistant,Fixed-term,29,Female,2025-01-18,
EMP00322,Energy & Climate,Assistant,Fixed-term,26,Male,2014-05-12,
EMP00323,Energy & Climate,Assistant,Fixed-term,27,Female,2011-04-20,
EMP00324,Energy & Climate,Assistant,Fixed-term,31,Female,2021-04-08,2021-09-15
EMP00325,Energy & Climate,Assistant,Open-ended,27,Male,2015-06-11,
EMP00326,Energy & Climate,Assistant,Fixed-term,32,Female,2025-06-22,
EMP00327,Energy & Climate,Assistant,Open-ended,23,Female,2022-08-19,
EMP00328,Energy & Climate,Assistant,Fixed-term,26,Female,2017-06-29,
EMP00329,Energy & Climate,Assistant,Fixed-term,32,Male,2016-11-09,
EMP00330,Energy & Climate,Assistant,Open-ended,34,Male,2015-09-13,
EMP00331,Energy & Climate,Assistant,Fixed-term,25,Male,2021-11-24,
EMP00332,Energy & Climate,Assistant,Fixed-term,27,Male,2023-07-25,2025-09-16
EMP00333,Energy & Climate,Assistant,Fixed-term,34,Male,2018-02-06,
EMP00334,Energy & Climate,Assistant,Fixed-term,24,Female,2012-01-13,
EMP00335,Energy & Climate,Assistant,Open-ended,23,Female,2015-10-29,
EMP00336,Energy & Climate,Assistant,Open-ended,29,Male,2017-02-05,
EMP00337,Energy & Climate,Assistant,Open-ended,32,Male,2022-06-06,
EMP00338,Energy & Climate,Assistant,Open-ended,30,Male,2011-06-20,
EMP00339,Energy & Climate,Assistant,Fixed-term,31,Female,2022-09-02,
EMP00340,Energy & Climate,Assistant,Open-ended,24,Male,2016-07-15,
EMP00341,Energy & Climate,Assistant,Fixed-term,26,Female,2014-03-16,
EMP00342,Energy & Climate,Assistant,Open-ended,26,Female,2013-12-21,
EMP00343,Energy & Climate,Assistant,Fixed-term,27,Male,2022-08-31,
EMP00344,Energy & Climate,Assistant,Fixed-term,26,Male,2017-12-06,
EMP00345,Energy & Climate,Assistant,Fixed-term,24,Male,2016-06-13,2018-05-04
EMP00346,Energy & Climate,Assistant,Fixed-term,35,Female,2012-05-08,
EMP00347,Energy & Climate,Assistant,Open-ended,27,Female,2020-11-11,
EMP00348,Energy & Climate,Assistant,Fixed-term,34,Female,2015-08-03,
EMP00349,Energy & Climate,Assistant,Fixed-term,34,Male,2012-04-01,
EMP00350,Energy & Climate,Assistant,Fixed-term,27,Male,2013-03-15,
EMP00351,Energy & Climate,Assistant,Open-ended,34,Male,2015-12-07,
EMP00352,Energy & Climate,Assistant,Fixed-term,29,Male,2017-05-19,
EMP00353,Energy & Climate,Assistant,Fixed-term,29,Male,2013-07-26,2014-03-25
EMP00354,Energy & Climate,Assistant,Fixed-term,35,Female,2022-10-15,
EMP00355,Energy & Climate,Assistant,Fixed-term,23,Male,2017-07-20,
EMP00356,Energy & Climate,Assistant,Fixed-term,26,Male,2021-08-08,
EMP00357,Energy & Climate,Assistant,Open-ended,35,Male,2018-03-23,
EMP00358,Energy & Climate,Assistant,Open-ended,31,Male,2012-03-05,
EMP00359,Energy & Climate,Assistant,Open-ended,35,Female,2021-10-09,
EMP00360,Energy & Climate,Assistant,Fixed-term,34,Female,2013-03-23,
EMP00361,Energy & Climate,Analyst,Fixed-term,28,Male,2016-12-25,2017-03-22
EMP00362,Energy & Climate,Analyst,Fixed-term,38,Female,2012-03-20,2012-08-15
EMP00363,Energy & Climate,Analyst,Fixed-term,32,Male,2012-02-07,
EMP00364,Energy & Climate,Analyst,Open-ended,30,Female,2012-08-22,
EMP00365,Energy & Climate,Analyst,Fixed-term,33,Male,2015-05-30,
EMP00366,Energy & Climate,Analyst,Open-ended,28,Female,2012-02-01,
EMP00367,Energy & Climate,Analyst,Fixed-term,29,Female,2015-07-09,
EMP00368,Energy & Climate,Analyst,Open-ended,34,Male,2017-02-11,
EMP00369,Energy & Climate,Analyst,Fixed-term,29,Male,2022-01-03,
EMP00370,Energy & Climate,Analyst,Fixed-term,38,Male,2013-08-30,2023-10-15
EMP00371,Energy & Climate,Analyst,Fixed-term,33,Male,2019-12-25,
EMP00372,Energy & Climate,Analyst,Fixed-term,35,Female,2015-05-24,
EMP00373,Energy & Climate,Analyst,Open-ended,39,Female,2017-02-11,
EMP00374,Energy & Climate,Analyst,Open-ended,35,Male,2012-11-14,
EMP00375,Energy & Climate,Analyst,Open-ended,33,Male,2018-03-03,
EMP00376,Energy & Climate,Analyst,Open-ended,29,Female,2011-11-16,
EMP00377,Energy & Climate,Analyst,Fixed-term,34,Male,2017-06-20,
EMP00378,Energy & Climate,Analyst,Fixed-term,35,Female,2016-10-04,2022-08-30
EMP00379,Energy & Climate,Analyst,Fixed-term,36,Male,2012-02-03,
EMP00380,Energy & Climate,Analyst,Open-ended,39,Female,2025-09-24,
EMP00381,Energy & Climate,Analyst,Open-ended,36,Male,2013-08-17,
EMP00382,Energy & Climate,Analyst,Open-ended,36,Male,2017-05-07,2023-07-12
EMP00383,Energy & Climate,Analyst,Open-ended,36,Male,2018-04-25,
EMP00384,Energy & Climate,Analyst,Open-ended,33,Male,2013-01-04,
EMP00385,Energy & Climate,Analyst,Open-ended,31,Male,2011-09-21,
EMP00386,Energy & Climate,Analyst,Fixed-term,33,Male,2016-10-23,
EMP00387,Energy & Climate,Analyst,Fixed-term,40,Male,2018-04-21,
EMP00388,Energy & Climate,Analyst,Open-ended,35,Female,2025-04-08,
EMP00389,Energy & Climate,Analyst,Open-ended,35,Male,2020-01-10,
EMP00390,Energy & Climate,Analyst,Open-ended,30,Male,2025-04-29,
EMP00391,Energy & Climate,Analyst,Open-ended,31,Male,2024-05-04,
EMP00392,Energy & Climate,Analyst,Fixed-term,28,Male,2014-03-19,
EMP00393,Energy & Climate,Analyst,Open-ended,38,Female,2016-02-17,
EMP00394,Energy & Climate,Analyst,Fixed-term,31,Male,2012-03-11,
EMP00395,Energy & Climate,Analyst,Open-ended,38,Female,2020-08-09,
EMP00396,Energy & Climate,Analyst,Fixed-term,37,Male,2021-03-22,
EMP00397,Energy & Climate,Analyst,Open-ended,33,Female,2018-04-01,
EMP00398,Energy & Climate,Analyst,Fixed-term,37,Female,2016-08-02,
EMP00399,Energy & Climate,Analyst,Fixed-term,32,Male,2020-03-22,
EMP00400,Energy & Climate,Analyst,Open-ended,30,Female,2018-05-20,
EMP00401,Energy & Climate,Analyst,Fixed-term,39,Male,2015-07-15,
EMP00402,Energy & Climate,Analyst,Fixed-term,35,Male,2014-11-03,
EMP00403,Energy & Climate,Analyst,Fixed-term,39,Male,2020-08-09,
EMP00404,Energy & Climate,Analyst,Fixed-term,40,Male,2025-09-28,2026-01-13
EMP00405,Energy & Climate,Analyst,Open-ended,36,Female,2022-01-20,
EMP00406,Energy & Climate,Analyst,Open-ended,29,Male,2014-04-23,
EMP00407,Energy & Climate,Analyst,Open-ended,32,Male,2021-12-10,
EMP00408,Energy & Climate,Analyst,Fixed-term,37,Female,2021-02-24,
EMP00409,Energy & Climate,Analyst,Open-ended,30,Female,2023-05-14,
EMP00410,Energy & Climate,Analyst,Open-ended,28,Male,2013-07-20,
EMP00411,Energy & Climate,Analyst,Open-ended,34,Female,2012-09-01,
EMP00412,Energy & Climate,Analyst,Open-ended,36,Female,2023-10-06,
EMP00413,Energy & Climate,Analyst,Fixed-term,29,Female,2020-12-04,
EMP00414,Energy & Climate,Analyst,Fixed-term,29,Male,2023-07-04,
EMP00415,Energy & Climate,Analyst,Open-ended,35,Female,2023-11-17,
EMP00416,Energy & Climate,Analyst,Fixed-term,28,Male,2017-06-19,
EMP00417,Energy & Climate,Analyst,Fixed-term,31,Male,2018-09-29,
EMP00418,Energy & Climate,Analyst,Fixed-term,39,Male,2019-06-13,
EMP00419,Energy & Climate,Analyst,Open-ended,28,Female,2025-10-24,
EMP00420,Energy & Climate,Analyst,Open-ended,37,Male,2016-01-26,
EMP00421,Energy & Climate,Analyst,Open-ended,30,Female,2018-02-01,
EMP00422,Energy & Climate,Analyst,Open-ended,39,Male,2012-06-05,
EMP00423,Energy & Climate,Analyst,Fixed-term,35,Male,2023-08-06,
EMP00424,Energy & Climate,Analyst,Open-ended,30,Female,2016-04-19,
EMP00425,Energy & Climate,Analyst,Fixed-term,28,Female,2012-10-11,
EMP00426,Energy & Climate,Analyst,Open-ended,32,Male,2015-12-24,
EMP00427,Energy & Climate,Analyst,Fixed-term,38,Male,2025-06-21,
EMP00428,Energy & Climate,Analyst,Open-ended,32,Male,2014-08-13,
EMP00429,Energy & Climate,Analyst,Fixed-term,38,Female,2015-05-17,2020-09-07
EMP00430,Energy & Climate,Analyst,Fixed-term,29,Male,2011-09-21,
EMP00431,Energy & Climate,Analyst,Open-ended,31,Male,2019-04-16,
EMP00432,Energy & Climate,Analyst,Open-ended,35,Male,2012-09-16,
EMP00433,Energy & Climate,Senior Analyst,Open-ended,39,Male,2011-08-15,
EMP00434,Energy & Climate,Senior Analyst,Open-ended,36,Female,2023-03-29,
EMP00435,Energy & Climate,Senior Analyst,Open-ended,50,Male,2015-09-08,
EMP00436,Energy & Climate,Senior Analyst,Open-ended,35,Male,2014-01-31,2017-01-06
EMP00437,Energy & Climate,Senior Analyst,Open-ended,41,Male,2022-08-27,
EMP00438,Energy & Climate,Senior Analyst,Open-ended,50,Female,2012-04-23,
EMP00439,Energy & Climate,Senior Analyst,Fixed-term,49,Female,2021-03-26,
EMP00440,Energy & Climate,Senior Analyst,Fixed-term,38,Male,2012-03-05,
EMP00441,Energy & Climate,Senior Analyst,Open-ended,36,Female,2017-10-27,
EMP00442,Energy & Climate,Senior Analyst,Fixed-term,48,Male,2023-09-08,
EMP00443,Energy & Climate,Senior Analyst,Fixed-term,48,Female,2012-09-24,
EMP00444,Energy & Climate,Senior Analyst,Open-ended,48,Male,2024-02-16,
EMP00445,Energy & Climate,Senior Analyst,Open-ended,37,Female,2017-06-26,
EMP00446,Energy & Climate,Senior Analyst,Open-ended,49,Female,2024-01-18,
EMP00447,Energy & Climate,Senior Analyst,Open-ended,48,Male,2018-07-23,
EMP00448,Energy & Climate,Senior Analyst,Open-ended,50,Female,2025-09-03,
EMP00449,Energy & Climate,Senior Analyst,Open-ended,48,Male,2011-04-15,
EMP00450,Energy & Climate,Senior Analyst,Open-ended,47,Male,2019-11-10,
EMP00451,Energy & Climate,Senior Analyst,Fixed-term,48,Female,2017-06-10,
EMP00452,Energy & Climate,Senior Analyst,Open-ended,36,Female,2014-10-17,
EMP00453,Energy & Climate,Senior Analyst,Open-ended,46,Female,2020-09-23,
EMP00454,Energy & Climate,Senior Analyst,Open-ended,36,Male,2025-02-20,
EMP00455,Energy & Climate,Senior Analyst,Open-ended,46,Male,2012-07-17,
EMP00456,Energy & Climate,Senior Analyst,Open-ended,47,Male,2015-05-30,
EMP00457,Energy & Climate,Senior Analyst,Open-ended,38,Female,2013-03-19,
EMP00458,Energy & Climate,Senior Analyst,Open-ended,40,Male,2014-05-07,
EMP00459,Energy & Climate,Senior Analyst,Open-ended,42,Female,2017-04-17,
EMP00460,Energy & Climate,Senior Analyst,Fixed-term,46,Male,2020-07-20,
EMP00461,Energy & Climate,Senior Analyst,Open-ended,47,Female,2011-06-28,
EMP00462,Energy & Climate,Senior Analyst,Open-ended,42,Female,2025-01-17,
EMP00463,Energy & Climate,Senior Analyst,Open-ended,42,Female,2023-12-18,
EMP00464,Energy & Climate,Senior Analyst,Open-ended,50,Male,2017-10-02,
EMP00465,Energy & Climate,Senior Analyst,Open-ended,35,Female,2016-01-24,
EMP00466,Energy & Climate,Senior Analyst,Open-ended,43,Female,2015-04-04,
EMP00467,Energy & Climate,Senior Analyst,Open-ended,48,Female,2021-03-17,
EMP00468,Energy & Climate,Senior Analyst,Fixed-term,47,Female,2020-03-02,
EMP00469,Energy & Climate,Senior Analyst,Open-ended,46,Male,2024-08-31,
EMP00470,Energy & Climate,Senior Analyst,Fixed-term,49,Female,2016-03-27,2018-12-12
EMP00471,Energy & Climate,Senior Analyst,Open-ended,35,Female,2015-12-17,
EMP00472,Energy & Climate,Senior Analyst,Fixed-term,35,Male,2018-07-02,
EMP00473,Energy & Climate,Senior Analyst,Open-ended,47,Female,2016-02-23,2016-09-20
EMP00474,Energy & Climate,Senior Analyst,Fixed-term,37,Male,2013-03-18,2023-01-11
EMP00475,Energy & Climate,Senior Analyst,Open-ended,47,Male,2020-06-20,2021-03-15
EMP00476,Energy & Climate,Senior Analyst,Open-ended,37,Female,2016-07-28,
EMP00477,Energy & Climate,Senior Analyst,Open-ended,35,Female,2015-01-08,
EMP00478,Energy & Climate,Senior Analyst,Open-ended,40,Female,2018-05-19,
EMP00479,Energy & Climate,Senior Analyst,Open-ended,40,Male,2020-07-04,
EMP00480,Energy & Climate,Senior Analyst,Open-ended,46,Male,2019-09-07,
EMP00481,Energy & Climate,Senior Analyst,Open-ended,50,Male,2014-03-24,
EMP00482,Energy & Climate,Senior Analyst,Fixed-term,41,Male,2019-04-06,2021-07-17
EMP00483,Energy & Climate,Senior Analyst,Fixed-term,35,Female,2020-01-24,
EMP00484,Energy & Climate,Senior Analyst,Fixed-term,45,Female,2022-08-29,2024-03-27
EMP00485,Energy & Climate,Senior Analyst,Open-ended,39,Male,2021-03-25,
EMP00486,Energy & Climate,Senior Analyst,Fixed-term,49,Male,2015-02-03,2016-04-21
EMP00487,Energy & Climate,Senior Analyst,Fixed-term,37,Female,2014-04-30,
EMP00488,Energy & Climate,Senior Analyst,Open-ended,45,Male,2017-06-04,
EMP00489,Energy & Climate,Senior Analyst,Open-ended,48,Male,2017-01-18,
EMP00490,Energy & Climate,Senior Analyst,Open-ended,37,Female,2013-04-02,
EMP00491,Energy & Climate,Senior Analyst,Open-ended,47,Female,2016-05-27,
EMP00492,Energy & Climate,Senior Analyst,Fixed-term,38,Female,2017-07-17,
EMP00493,Energy & Climate,Manager,Open-ended,58,Female,2015-01-16,
EMP00494,Energy & Climate,Manager,Open-ended,53,Female,2011-12-03,
EMP00495,Energy & Climate,Manager,Open-ended,40,Male,2024-10-20,
EMP00496,Energy & Climate,Manager,Open-ended,58,Female,2021-08-08,
EMP00497,Energy & Climate,Manager,Open-ended,58,Female,2018-02-17,
EMP00498,Energy & Climate,Manager,Open-ended,43,Male,2019-10-05,
EMP00499,Energy & Climate,Manager,Open-ended,52,Female,2021-04-27,
EMP00500,Energy & Climate,Manager,Open-ended,44,Female,2016-06-20,
EMP00501,Energy & Climate,Manager,Open-ended,56,Female,2018-05-28,
EMP00502,Energy & Climate,Manager,Open-ended,43,Male,2025-09-16,
EMP00503,Energy & Climate,Manager,Open-ended,58,Male,2021-07-06,
EMP00504,Energy & Climate,Manager,Open-ended,54,Male,2022-10-05,
EMP00505,Energy & Climate,Manager,Open-ended,52,Female,2021-11-16,
EMP00506,Energy & Climate,Manager,Fixed-term,42,Female,2013-09-06,
EMP00507,Energy & Climate,Manager,Open-ended,55,Male,2020-06-19,
EMP00508,Energy & Climate,Manager,Open-ended,49,Male,2011-11-10,
EMP00509,Energy & Climate,Manager,Open-ended,42,Male,2019-12-16,
EMP00510,Energy & Climate,Manager,Open-ended,56,Male,2018-06-24,
EMP00511,Energy & Climate,Manager,Fixed-term,44,Female,2022-09-13,
EMP00512,Energy & Climate,Manager,Open-ended,48,Female,2023-10-24,
EMP00513,Energy & Climate,Manager,Fixed-term,48,Male,2012-03-26,
EMP00514,Energy & Climate,Manager,Open-ended,47,Female,2022-03-05,
EMP00515,Energy & Climate,Manager,Open-ended,58,Female,2025-04-19,
EMP00516,Energy & Climate,Manager,Open-ended,49,Male,2023-07-19,
EMP00517,Energy & Climate,Manager,Open-ended,41,Female,2014-06-29,
EMP00518,Energy & Climate,Manager,Open-ended,46,Female,2012-04-18,
EMP00519,Energy & Climate,Manager,Open-ended,58,Female,2017-08-18,
EMP00520,Energy & Climate,Manager,Open-ended,49,Male,2015-06-15,
EMP00521,Energy & Climate,Manager,Open-ended,53,Male,2013-11-14,
EMP00522,Energy & Climate,Manager,Open-ended,43,Female,2013-12-08,
EMP00523,Energy & Climate,Manager,Open-ended,57,Male,2025-04-28,
EMP00524,Energy & Climate,Manager,Open-ended,56,Male,2016-01-21,
EMP00525,Energy & Climate,Manager,Fixed-term,57,Male,2013-07-14,
EMP00526,Energy & Climate,Manager,Open-ended,40,Female,2023-06-27,
EMP00527,Energy & Climate,Manager,Open-ended,58,Female,2011-08-23,
EMP00528,Energy & Climate,Manager,Open-ended,44,Female,2016-06-08,
EMP00529,Energy & Climate,Director,Open-ended,54,Female,2022-01-08,
EMP00530,Energy & Climate,Director,Open-ended,56,Female,2023-06-30,
EMP00531,Energy & Climate,Director,Open-ended,64,Female,2014-09-15,
EMP00532,Energy & Climate,Director,Open-ended,60,Female,2014-11-16,
EMP00533,Energy & Climate,Director,Open-ended,58,Female,2013-07-17,
EMP00534,Energy & Climate,Director,Open-ended,49,Female,2024-02-03,
EMP00535,Energy & Climate,Director,Open-ended,45,Male,2014-05-18,
EMP00536,Energy & Climate,Director,Open-ended,52,Female,2025-03-12,
EMP00537,Energy & Climate,Director,Open-ended,52,Male,2012-01-28,
EMP00538,Energy & Climate,Director,Open-ended,57,Female,2016-11-08,
EMP00539,Energy & Climate,Director,Fixed-term,65,Male,2021-05-13,
EMP00540,Energy & Climate,Director,Open-ended,61,Male,2012-12-12,
EMP00541,Data & Analytics,Assistant,Fixed-term,23,Male,2023-10-18,
EMP00542,Data & Analytics,Assistant,Fixed-term,34,Male,2021-11-04,
EMP00543,Data & Analytics,Assistant,Fixed-term,23,Male,2021-09-08,2022-03-02
EMP00544,Data & Analytics,Assistant,Fixed-term,31,Male,2020-07-31,
EMP00545,Data & Analytics,Assistant,Fixed-term,23,Female,2018-10-11,
EMP00546,Data & Analytics,Assistant,Fixed-term,33,Female,2021-04-13,
EMP00547,Data & Analytics,Assistant,Open-ended,33,Male,2020-11-21,
EMP00548,Data & Analytics,Assistant,Fixed-term,26,Male,2012-06-09,
EMP00549,Data & Analytics,Assistant,Fixed-term,35,Female,2014-07-02,
EMP00550,Data & Analytics,Assistant,Fixed-term,29,Female,2013-10-13,
EMP00551,Data & Analytics,Assistant,Fixed-term,34,Male,2025-05-13,
EMP00552,Data & Analytics,Assistant,Open-ended,32,Female,2012-05-12,
EMP00553,Data & Analytics,Assistant,Fixed-term,34,Female,2014-01-14,
EMP00554,Data & Analytics,Assistant,Fixed-term,28,Male,2011-07-15,2016-05-26
EMP00555,Data & Analytics,Assistant,Fixed-term,24,Female,2017-05-21,
EMP00556,Data & Analytics,Assistant,Fixed-term,33,Male,2021-01-29,
EMP00557,Data & Analytics,Assistant,Open-ended,28,Male,2017-07-14,
EMP00558,Data & Analytics,Assistant,Fixed-term,28,Female,2012-06-13,
EMP00559,Data & Analytics,Assistant,Fixed-term,33,Female,2024-09-04,
EMP00560,Data & Analytics,Assistant,Fixed-term,26,Female,2018-08-12,
EMP00561,Data & Analytics,Assistant,Fixed-term,31,Male,2013-06-25,
EMP00562,Data & Analytics,Assistant,Open-ended,26,Male,2021-01-27,
EMP00563,Data & Analytics,Assistant,Open-ended,33,Female,2013-08-24,
EMP00564,Data & Analytics,Assistant,Open-ended,30,Male,2023-09-02,
EMP00565,Data & Analytics,Assistant,Open-ended,23,Female,2018-10-09,
EMP00566,Data & Analytics,Assistant,Fixed-term,31,Female,2015-08-01,
EMP00567,Data & Analytics,Assistant,Fixed-term,33,Female,2024-09-13,
EMP00568,Data & Analytics,Assistant,Fixed-term,33,Male,2019-02-21,
EMP00569,Data & Analytics,Assistant,Open-ended,35,Male,2015-02-07,
EMP00570,Data & Analytics,Assistant,Fixed-term,25,Female,2018-05-13,
EMP00571,Data & Analytics,Assistant,Fixed-term,26,Female,2021-03-22,
EMP00572,Data & Analytics,Assistant,Open-ended,23,Male,2024-09-02,
EMP00573,Data & Analytics,Assistant,Fixed-term,26,Female,2011-07-10,2023-08-07
EMP00574,Data & Analytics,Assistant,Fixed-term,33,Female,2016-05-04,2024-09-23
EMP00575,Data & Analytics,Assistant,Open-ended,35,Female,2024-04-03,
EMP00576,Data & Analytics,Assistant,Fixed-term,27,Female,2021-12-05,
EMP00577,Data & Analytics,Assistant,Open-ended,29,Female,2023-06-04,
EMP00578,Data & Analytics,Assistant,Fixed-term,26,Female,2019-10-23,
EMP00579,Data & Analytics,Assistant,Open-ended,25,Male,2019-03-28,
EMP00580,Data & Analytics,Assistant,Open-ended,32,Female,2014-11-28,
EMP00581,Data & Analytics,Assistant,Fixed-term,35,Male,2020-12-23,
EMP00582,Data & Analytics,Assistant,Fixed-term,24,Female,2020-01-03,
EMP00583,Data & Analytics,Assistant,Fixed-term,27,Female,2024-03-06,
EMP00584,Data & Analytics,Assistant,Fixed-term,28,Male,2015-09-07,
EMP00585,Data & Analytics,Assistant,Fixed-term,27,Female,2012-02-25,
EMP00586,Data & Analytics,Analyst,Fixed-term,39,Male,2023-06-19,
EMP00587,Data & Analytics,Analyst,Fixed-term,34,Male,2018-08-18,
EMP00588,Data & Analytics,Analyst,Fixed-term,30,Male,2023-09-03,
EMP00589,Data & Analytics,Analyst,Open-ended,34,Male,2022-11-24,
EMP00590,Data & Analytics,Analyst,Open-ended,38,Female,2020-01-24,
EMP00591,Data & Analytics,Analyst,Open-ended,36,Female,2022-05-05,
EMP00592,Data & Analytics,Analyst,Open-ended,31,Female,2019-03-21,
EMP00593,Data & Analytics,Analyst,Fixed-term,36,Female,2018-01-17,
EMP00594,Data & Analytics,Analyst,Open-ended,34,Female,2013-11-09,
EMP00595,Data & Analytics,Analyst,Fixed-term,36,Female,2012-12-18,
EMP00596,Data & Analytics,Analyst,Open-ended,33,Male,2015-04-25,
EMP00597,Data & Analytics,Analyst,Open-ended,40,Female,2021-11-01,
EMP00598,Data & Analytics,Analyst,Fixed-term,31,Male,2011-03-21,2019-02-01
EMP00599,Data & Analytics,Analyst,Open-ended,28,Male,2024-05-23,
EMP00600,Data & Analytics,Analyst,Open-ended,30,Male,2025-07-30,
EMP00601,Data & Analytics,Analyst,Open-ended,38,Male,2023-10-02,
EMP00602,Data & Analytics,Analyst,Fixed-term,30,Male,2015-02-27,
EMP00603,Data & Analytics,Analyst,Fixed-term,39,Female,2019-07-28,
EMP00604,Data & Analytics,Analyst,Open-ended,34,Male,2023-07-20,
EMP00605,Data & Analytics,Analyst,Fixed-term,30,Male,2011-05-30,
EMP00606,Data & Analytics,Analyst,Fixed-term,32,Female,2019-03-06,
EMP00607,Data & Analytics,Analyst,Fixed-term,32,Male,2019-08-08,
EMP00608,Data & Analytics,Analyst,Fixed-term,30,Male,2015-02-19,
EMP00609,Data & Analytics,Analyst,Open-ended,28,Female,2017-10-11,
EMP00610,Data & Analytics,Analyst,Open-ended,30,Male,2024-05-24,
EMP00611,Data & Analytics,Analyst,Open-ended,37,Female,2011-08-27,
EMP00612,Data & Analytics,Analyst,Fixed-term,32,Male,2016-07-18,
EMP00613,Data & Analytics,Analyst,Open-ended,28,Female,2021-02-08,
EMP00614,Data & Analytics,Analyst,Fixed-term,36,Female,2018-04-24,
EMP00615,Data & Analytics,Analyst,Fixed-term,34,Female,2015-04-05,
EMP00616,Data & Analytics,Analyst,Open-ended,33,Male,2023-12-12,
EMP00617,Data & Analytics,Analyst,Open-ended,32,Male,2025-06-26,
EMP00618,Data & Analytics,Analyst,Open-ended,28,Male,2024-05-09,
EMP00619,Data & Analytics,Analyst,Fixed-term,29,Female,2018-05-03,
EMP00620,Data & Analytics,Analyst,Open-ended,38,Male,2019-03-21,
EMP00621,Data & Analytics,Analyst,Open-ended,29,Male,2011-11-17,
EMP00622,Data & Analytics,Analyst,Open-ended,34,Female,2011-04-30,
EMP00623,Data & Analytics,Analyst,Fixed-term,40,Male,2011-08-01,
EMP00624,Data & Analytics,Analyst,Fixed-term,38,Male,2015-12-22,
EMP00625,Data & Analytics,Analyst,Fixed-term,39,Female,2021-03-02,
EMP00626,Data & Analytics,Analyst,Fixed-term,30,Male,2022-06-07,
EMP00627,Data & Analytics,Analyst,Fixed-term,31,Female,2012-02-10,2019-09-26
EMP00628,Data & Analytics,Analyst,Fixed-term,36,Male,2024-11-24,
EMP00629,Data & Analytics,Analyst,Fixed-term,29,Female,2014-05-06,2017-12-24
EMP00630,Data & Analytics,Analyst,Open-ended,34,Male,2018-06-16,
EMP00631,Data & Analytics,Analyst,Fixed-term,40,Male,2016-07-23,
EMP00632,Data & Analytics,Analyst,Fixed-term,38,Male,2012-06-14,
EMP00633,Data & Analytics,Analyst,Open-ended,33,Female,2022-02-16,
EMP00634,Data & Analytics,Analyst,Open-ended,36,Male,2018-10-25,
EMP00635,Data & Analytics,Analyst,Fixed-term,39,Male,2017-11-09,
EMP00636,Data & Analytics,Analyst,Open-ended,39,Male,2018-02-09,2025-10-30
EMP00637,Data & Analytics,Analyst,Fixed-term,33,Male,2024-09-16,
EMP00638,Data & Analytics,Analyst,Open-ended,28,Female,2019-04-07,
EMP00639,Data & Analytics,Analyst,Fixed-term,33,Female,2012-11-12,
EMP00640,Data & Analytics,Senior Analyst,Open-ended,36,Female,2013-04-19,2019-04-16
EMP00641,Data & Analytics,Senior Analyst,Open-ended,46,Female,2020-12-22,
EMP00642,Data & Analytics,Senior Analyst,Open-ended,44,Male,2025-12-20,
EMP00643,Data & Analytics,Senior Analyst,Open-ended,39,Male,2014-05-22,
EMP00644,Data & Analytics,Senior Analyst,Fixed-term,35,Female,2011-06-23,
EMP00645,Data & Analytics,Senior Analyst,Open-ended,41,Male,2017-06-03,
EMP00646,Data & Analytics,Senior Analyst,Open-ended,41,Male,2019-02-27,
EMP00647,Data & Analytics,Senior Analyst,Fixed-term,39,Female,2021-01-14,
EMP00648,Data & Analytics,Senior Analyst,Open-ended,47,Female,2012-09-25,
EMP00649,Data & Analytics,Senior Analyst,Fixed-term,36,Male,2023-02-08,
EMP00650,Data & Analytics,Senior Analyst,Open-ended,50,Male,2024-01-19,
EMP00651,Data & Analytics,Senior Analyst,Open-ended,38,Male,2020-12-27,
EMP00652,Data & Analytics,Senior Analyst,Fixed-term,49,Male,2022-01-02,
EMP00653,Data & Analytics,Senior Analyst,Open-ended,45,Female,2020-04-20,
EMP00654,Data & Analytics,Senior Analyst,Open-ended,44,Male,2012-04-30,
EMP00655,Data & Analytics,Senior Analyst,Open-ended,47,Male,2022-07-27,
EMP00656,Data & Analytics,Senior Analyst,Fixed-term,35,Female,2019-03-29,
EMP00657,Data & Analytics,Senior Analyst,Fixed-term,35,Female,2023-02-24,
EMP00658,Data & Analytics,Senior Analyst,Open-ended,41,Female,2021-01-30,
EMP00659,Data & Analytics,Senior Analyst,Open-ended,47,Female,2021-03-26,
EMP00660,Data & Analytics,Senior Analyst,Open-ended,50,Female,2014-02-07,
EMP00661,Data & Analytics,Senior Analyst,Open-ended,43,Male,2018-01-27,
EMP00662,Data & Analytics,Senior Analyst,Open-ended,41,Male,2012-11-26,
EMP00663,Data & Analytics,Senior Analyst,Fixed-term,37,Female,2023-10-19,2024-11-06
EMP00664,Data & Analytics,Senior Analyst,Fixed-term,50,Male,2018-03-03,
EMP00665,Data & Analytics,Senior Analyst,Open-ended,42,Male,2018-12-19,
EMP00666,Data & Analytics,Senior Analyst,Open-ended,47,Female,2012-07-22,
EMP00667,Data & Analytics,Senior Analyst,Fixed-term,47,Female,2011-08-31,2018-11-04
EMP00668,Data & Analytics,Senior Analyst,Open-ended,38,Female,2019-01-06,
EMP00669,Data & Analytics,Senior Analyst,Fixed-term,45,Male,2014-01-27,
EMP00670,Data & Analytics,Senior Analyst,Fixed-term,49,Male,2020-11-21,2024-01-25
EMP00671,Data & Analytics,Senior Analyst,Open-ended,43,Male,2020-07-08,
EMP00672,Data & Analytics,Senior Analyst,Fixed-term,44,Male,2025-09-11,
EMP00673,Data & Analytics,Senior Analyst,Fixed-term,41,Male,2011-09-14,
EMP00674,Data & Analytics,Senior Analyst,Open-ended,50,Female,2016-01-24,
EMP00675,Data & Analytics,Senior Analyst,Open-ended,39,Female,2019-01-07,
EMP00676,Data & Analytics,Senior Analyst,Fixed-term,40,Male,2025-04-12,
EMP00677,Data & Analytics,Senior Analyst,Open-ended,36,Male,2012-11-17,
EMP00678,Data & Analytics,Senior Analyst,Open-ended,35,Male,2012-02-12,
EMP00679,Data & Analytics,Senior Analyst,Fixed-term,50,Female,2021-09-19,
EMP00680,Data & Analytics,Senior Analyst,Fixed-term,37,Male,2022-09-28,
EMP00681,Data & Analytics,Senior Analyst,Open-ended,45,Male,2019-06-11,
EMP00682,Data & Analytics,Senior Analyst,Open-ended,50,Female,2014-11-01,
EMP00683,Data & Analytics,Senior Analyst,Fixed-term,35,Male,2021-05-13,2022-06-22
EMP00684,Data & Analytics,Senior Analyst,Open-ended,50,Female,2018-12-22,
EMP00685,Data & Analytics,Manager,Open-ended,45,Female,2020-11-21,
EMP00686,Data & Analytics,Manager,Open-ended,47,Female,2017-08-12,
EMP00687,Data & Analytics,Manager,Open-ended,45,Male,2015-09-09,
EMP00688,Data & Analytics,Manager,Open-ended,49,Female,2023-04-11,
EMP00689,Data & Analytics,Manager,Fixed-term,56,Female,2021-06-04,
EMP00690,Data & Analytics,Manager,Open-ended,55,Female,2011-07-22,
EMP00691,Data & Analytics,Manager,Open-ended,56,Male,2021-08-12,
EMP00692,Data & Analytics,Manager,Open-ended,55,Female,2023-03-30,
EMP00693,Data & Analytics,Manager,Open-ended,58,Female,2012-09-01,
EMP00694,Data & Analytics,Manager,Open-ended,58,Female,2025-01-13,
EMP00695,Data & Analytics,Manager,Open-ended,44,Female,2025-06-05,
EMP00696,Data & Analytics,Manager,Open-ended,53,Female,2019-03-18,
EMP00697,Data & Analytics,Manager,Open-ended,50,Female,2020-06-13,
EMP00698,Data & Analytics,Manager,Open-ended,48,Male,2016-03-26,
EMP00699,Data & Analytics,Manager,Open-ended,40,Female,2023-06-05,
EMP00700,Data & Analytics,Manager,Fixed-term,53,Male,2023-07-03,
EMP00701,Data & Analytics,Manager,Open-ended,50,Female,2014-03-24,
EMP00702,Data & Analytics,Manager,Open-ended,52,Female,2013-09-08,
EMP00703,Data & Analytics,Manager,Fixed-term,50,Male,2021-09-24,2022-07-17
EMP00704,Data & Analytics,Manager,Open-ended,56,Male,2025-07-06,
EMP00705,Data & Analytics,Manager,Open-ended,55,Female,2024-12-02,
EMP00706,Data & Analytics,Manager,Open-ended,48,Female,2016-02-09,
EMP00707,Data & Analytics,Manager,Open-ended,47,Female,2021-07-09,
EMP00708,Data & Analytics,Manager,Open-ended,51,Female,2013-08-19,
EMP00709,Data & Analytics,Manager,Open-ended,57,Female,2013-03-10,
EMP00710,Data & Analytics,Manager,Open-ended,49,Male,2019-09-28,
EMP00711,Data & Analytics,Manager,Open-ended,47,Male,2016-11-10,
EMP00712,Data & Analytics,Director,Open-ended,52,Female,2014-01-25,
EMP00713,Data & Analytics,Director,Open-ended,48,Female,2022-05-31,
EMP00714,Data & Analytics,Director,Open-ended,62,Male,2016-03-31,
EMP00715,Data & Analytics,Director,Open-ended,46,Female,2016-08-10,
EMP00716,Data & Analytics,Director,Open-ended,50,Male,2016-06-03,
EMP00717,Data & Analytics,Director,Open-ended,61,Female,2013-10-24,
EMP00718,Data & Analytics,Director,Open-ended,65,Male,2018-11-14,
EMP00719,Data & Analytics,Director,Open-ended,63,Male,2016-12-30,
EMP00720,Data & Analytics,Director,Open-ended,51,Female,2017-10-13,2026-01-28
EMP00721,IT & Digital,Assistant,Open-ended,24,Female,2012-04-28,
EMP00722,IT & Digital,Assistant,Fixed-term,34,Female,2022-06-12,
EMP00723,IT & Digital,Assistant,Open-ended,26,Female,2018-12-24,
EMP00724,IT & Digital,Assistant,Fixed-term,23,Female,2025-02-05,
EMP00725,IT & Digital,Assistant,Open-ended,28,Male,2025-04-25,
EMP00726,IT & Digital,Assistant,Fixed-term,28,Female,2011-09-14,
EMP00727,IT & Digital,Assistant,Fixed-term,25,Female,2013-01-26,
EMP00728,IT & Digital,Assistant,Fixed-term,30,Female,2016-09-21,
EMP00729,IT & Digital,Assistant,Fixed-term,25,Male,2025-08-08,
EMP00730,IT & Digital,Assistant,Open-ended,27,Male,2025-06-19,
EMP00731,IT & Digital,Assistant,Fixed-term,32,Male,2020-08-15,
EMP00732,IT & Digital,Assistant,Fixed-term,32,Male,2018-01-28,
EMP00733,IT & Digital,Assistant,Fixed-term,23,Female,2019-09-02,
EMP00734,IT & Digital,Assistant,Fixed-term,29,Male,2011-12-18,
EMP00735,IT & Digital,Assistant,Fixed-term,29,Female,2015-10-28,
EMP00736,IT & Digital,Assistant,Fixed-term,24,Female,2013-06-26,
EMP00737,IT & Digital,Assistant,Fixed-term,24,Female,2015-08-12,
EMP00738,IT & Digital,Assistant,Open-ended,26,Female,2018-08-30,
EMP00739,IT & Digital,Assistant,Fixed-term,26,Male,2018-06-26,
EMP00740,IT & Digital,Assistant,Fixed-term,25,Female,2014-08-18,
EMP00741,IT & Digital,Assistant,Open-ended,35,Male,2019-03-08,
EMP00742,IT & Digital,Assistant,Open-ended,23,Female,2013-07-08,
EMP00743,IT & Digital,Assistant,Fixed-term,23,Female,2013-02-08,
EMP00744,IT & Digital,Assistant,Fixed-term,30,Male,2023-12-30,
EMP00745,IT & Digital,Assistant,Open-ended,28,Male,2022-12-08,
EMP00746,IT & Digital,Assistant,Fixed-term,27,Female,2022-08-07,
EMP00747,IT & Digital,Assistant,Fixed-term,23,Male,2022-03-30,
EMP00748,IT & Digital,Assistant,Fixed-term,27,Female,2021-07-01,
EMP00749,IT & Digital,Assistant,Fixed-term,32,Female,2020-04-19,
EMP00750,IT & Digital,Assistant,Open-ended,34,Male,2014-11-16,
EMP00751,IT & Digital,Assistant,Fixed-term,34,Female,2018-12-10,
EMP00752,IT & Digital,Assistant,Fixed-term,30,Male,2022-01-25,2024-07-25
EMP00753,IT & Digital,Assistant,Fixed-term,30,Male,2014-12-06,
EMP00754,IT & Digital,Assistant,Fixed-term,24,Female,2019-06-14,
EMP00755,IT & Digital,Assistant,Fixed-term,30,Male,2022-09-24,
EMP00756,IT & Digital,Assistant,Fixed-term,23,Female,2022-08-08,
EMP00757,IT & Digital,Assistant,Open-ended,24,Female,2022-09-12,
EMP00758,IT & Digital,Assistant,Fixed-term,29,Male,2021-02-26,
EMP00759,IT & Digital,Assistant,Open-ended,27,Female,2012-10-26,
EMP00760,IT & Digital,Assistant,Fixed-term,23,Male,2019-11-26,2022-07-28
EMP00761,IT & Digital,Assistant,Fixed-term,31,Female,2019-02-22,
EMP00762,IT & Digital,Assistant,Fixed-term,34,Female,2011-05-08,
EMP00763,IT & Digital,Assistant,Fixed-term,28,Male,2016-07-16,
EMP00764,IT & Digital,Assistant,Fixed-term,26,Female,2022-11-14,2023-09-21
EMP00765,IT & Digital,Assistant,Fixed-term,27,Male,2024-09-11,2025-12-04
EMP00766,IT & Digital,Analyst,Open-ended,35,Male,2016-08-10,
EMP00767,IT & Digital,Analyst,Open-ended,40,Female,2024-12-10,
EMP00768,IT & Digital,Analyst,Fixed-term,37,Male,2021-07-10,
EMP00769,IT & Digital,Analyst,Fixed-term,29,Female,2015-07-07,
EMP00770,IT & Digital,Analyst,Open-ended,32,Female,2024-05-25,
EMP00771,IT & Digital,Analyst,Open-ended,32,Female,2012-12-15,
EMP00772,IT & Digital,Analyst,Open-ended,28,Female,2012-11-24,
EMP00773,IT & Digital,Analyst,Open-ended,40,Male,2014-07-23,
EMP00774,IT & Digital,Analyst,Open-ended,40,Female,2017-11-04,
EMP00775,IT & Digital,Analyst,Open-ended,33,Female,2012-03-19,2020-08-21
EMP00776,IT & Digital,Analyst,Fixed-term,37,Male,2018-04-09,
EMP00777,IT & Digital,Analyst,Open-ended,28,Female,2019-03-07,
EMP00778,IT & Digital,Analyst,Open-ended,30,Female,2013-11-06,
EMP00779,IT & Digital,Analyst,Open-ended,31,Male,2023-07-01,
EMP00780,IT & Digital,Analyst,Open-ended,40,Female,2014-01-15,
EMP00781,IT & Digital,Analyst,Open-ended,40,Male,2017-10-18,
EMP00782,IT & Digital,Analyst,Fixed-term,31,Male,2024-04-26,
EMP00783,IT & Digital,Analyst,Open-ended,37,Male,2025-08-25,
EMP00784,IT & Digital,Analyst,Open-ended,35,Female,2020-11-04,
EMP00785,IT & Digital,Analyst,Open-ended,35,Male,2013-11-04,
EMP00786,IT & Digital,Analyst,Open-ended,37,Male,2025-08-28,
EMP00787,IT & Digital,Analyst,Open-ended,29,Female,2018-07-10,
EMP00788,IT & Digital,Analyst,Fixed-term,37,Female,2019-07-10,
EMP00789,IT & Digital,Analyst,Fixed-term,37,Male,2012-10-06,
EMP00790,IT & Digital,Analyst,Open-ended,33,Male,2023-07-16,2024-08-20
EMP00791,IT & Digital,Analyst,Fixed-term,31,Female,2013-04-25,
EMP00792,IT & Digital,Analyst,Fixed-term,35,Male,2014-06-07,
EMP00793,IT & Digital,Analyst,Open-ended,38,Female,2016-11-30,
EMP00794,IT & Digital,Analyst,Open-ended,28,Female,2016-01-26,
EMP00795,IT & Digital,Analyst,Fixed-term,32,Female,2022-05-25,2025-11-17
EMP00796,IT & Digital,Analyst,Open-ended,36,Male,2013-11-19,
EMP00797,IT & Digital,Analyst,Open-ended,36,Female,2011-06-02,
EMP00798,IT & Digital,Analyst,Open-ended,38,Female,2024-03-10,
EMP00799,IT & Digital,Analyst,Fixed-term,29,Male,2013-10-11,2014-06-09
EMP00800,IT & Digital,Analyst,Open-ended,30,Male,2011-08-12,2024-03-03
EMP00801,IT & Digital,Analyst,Fixed-term,37,Male,2024-07-30,
EMP00802,IT & Digital,Analyst,Fixed-term,35,Female,2022-02-02,2022-06-23
EMP00803,IT & Digital,Analyst,Fixed-term,38,Female,2012-05-16,
EMP00804,IT & Digital,Analyst,Fixed-term,32,Male,2018-11-20,
EMP00805,IT & Digital,Analyst,Fixed-term,32,Male,2013-10-03,
EMP00806,IT & Digital,Analyst,Open-ended,40,Female,2022-01-02,
EMP00807,IT & Digital,Analyst,Open-ended,30,Female,2022-06-28,
EMP00808,IT & Digital,Analyst,Open-ended,40,Male,2024-08-03,
EMP00809,IT & Digital,Analyst,Open-ended,29,Female,2011-03-23,
EMP00810,IT & Digital,Analyst,Open-ended,38,Male,2018-03-03,
EMP00811,IT & Digital,Analyst,Fixed-term,36,Female,2020-06-05,
EMP00812,IT & Digital,Analyst,Fixed-term,31,Male,2013-08-10,
EMP00813,IT & Digital,Analyst,Fixed-term,33,Male,2020-05-01,
EMP00814,IT & Digital,Analyst,Open-ended,37,Female,2014-04-22,
EMP00815,IT & Digital,Analyst,Open-ended,30,Female,2017-11-04,
EMP00816,IT & Digital,Analyst,Fixed-term,29,Female,2011-06-16,
EMP00817,IT & Digital,Analyst,Fixed-term,34,Female,2017-01-22,2020-12-26
EMP00818,IT & Digital,Analyst,Fixed-term,29,Male,2022-03-03,
EMP00819,IT & Digital,Analyst,Open-ended,39,Female,2014-03-14,
EMP00820,IT & Digital,Senior Analyst,Open-ended,36,Female,2011-02-18,
EMP00821,IT & Digital,Senior Analyst,Open-ended,40,Male,2016-10-15,
EMP00822,IT & Digital,Senior Analyst,Open-ended,50,Female,2011-12-01,
EMP00823,IT & Digital,Senior Analyst,Fixed-term,43,Male,2023-06-20,
EMP00824,IT & Digital,Senior Analyst,Open-ended,43,Male,2025-11-22,
EMP00825,IT & Digital,Senior Analyst,Open-ended,44,Female,2023-12-04,
EMP00826,IT & Digital,Senior Analyst,Open-ended,43,Male,2022-06-24,
EMP00827,IT & Digital,Senior Analyst,Open-ended,38,Male,2014-12-17,
EMP00828,IT & Digital,Senior Analyst,Open-ended,47,Female,2017-01-18,
EMP00829,IT & Digital,Senior Analyst,Open-ended,48,Male,2015-11-24,
EMP00830,IT & Digital,Senior Analyst,Fixed-term,46,Male,2022-05-31,
EMP00831,IT & Digital,Senior Analyst,Open-ended,49,Male,2023-07-09,
EMP00832,IT & Digital,Senior Analyst,Open-ended,38,Male,2011-08-20,
EMP00833,IT & Digital,Senior Analyst,Open-ended,50,Female,2018-07-08,
EMP00834,IT & Digital,Senior Analyst,Open-ended,49,Male,2013-08-06,
EMP00835,IT & Digital,Senior Analyst,Fixed-term,47,Female,2020-08-10,
EMP00836,IT & Digital,Senior Analyst,Fixed-term,36,Female,2012-02-13,
EMP00837,IT & Digital,Senior Analyst,Open-ended,48,Female,2014-07-29,
EMP00838,IT & Digital,Senior Analyst,Fixed-term,37,Male,2022-03-15,
EMP00839,IT & Digital,Senior Analyst,Open-ended,38,Female,2011-12-29,
EMP00840,IT & Digital,Senior Analyst,Open-ended,36,Female,2018-09-16,
EMP00841,IT & Digital,Senior Analyst,Fixed-term,38,Male,2022-04-08,
EMP00842,IT & Digital,Senior Analyst,Fixed-term,40,Male,2020-12-19,
EMP00843,IT & Digital,Senior Analyst,Open-ended,44,Female,2024-03-31,
EMP00844,IT & Digital,Senior Analyst,Fixed-term,47,Male,2018-08-25,
EMP00845,IT & Digital,Senior Analyst,Open-ended,47,Male,2011-10-07,
EMP00846,IT & Digital,Senior Analyst,Fixed-term,47,Female,2020-09-19,
EMP00847,IT & Digital,Senior Analyst,Open-ended,39,Female,2017-04-14,
EMP00848,IT & Digital,Senior Analyst,Fixed-term,44,Male,2022-01-10,
EMP00849,IT & Digital,Senior Analyst,Fixed-term,38,Male,2024-06-13,2024-07-25
EMP00850,IT & Digital,Senior Analyst,Fixed-term,45,Female,2023-06-26,
EMP00851,IT & Digital,Senior Analyst,Open-ended,38,Male,2014-07-04,
EMP00852,IT & Digital,Senior Analyst,Open-ended,45,Male,2012-02-17,
EMP00853,IT & Digital,Senior Analyst,Open-ended,38,Female,2016-04-14,
EMP00854,IT & Digital,Senior Analyst,Fixed-term,39,Female,2012-09-28,
EMP00855,IT & Digital,Senior Analyst,Open-ended,47,Male,2017-01-09,
EMP00856,IT & Digital,Senior Analyst,Open-ended,35,Female,2018-02-20,
EMP00857,IT & Digital,Senior Analyst,Open-ended,47,Female,2013-02-22,
EMP00858,IT & Digital,Senior Analyst,Open-ended,40,Female,2018-11-06,
EMP00859,IT & Digital,Senior Analyst,Open-ended,35,Female,2018-01-28,
EMP00860,IT & Digital,Senior Analyst,Open-ended,42,Female,2018-05-26,
EMP00861,IT & Digital,Senior Analyst,Open-ended,40,Male,2019-10-01,
EMP00862,IT & Digital,Senior Analyst,Fixed-term,35,Male,2023-03-21,
EMP00863,IT & Digital,Senior Analyst,Open-ended,47,Male,2024-07-23,
EMP00864,IT & Digital,Senior Analyst,Fixed-term,46,Male,2012-11-11,2018-08-31
EMP00865,IT & Digital,Manager,Fixed-term,57,Female,2021-08-09,
EMP00866,IT & Digital,Manager,Open-ended,50,Female,2023-05-07,
EMP00867,IT & Digital,Manager,Open-ended,55,Female,2019-08-06,
EMP00868,IT & Digital,Manager,Open-ended,55,Male,2021-04-10,
EMP00869,IT & Digital,Manager,Open-ended,41,Male,2012-12-30,
EMP00870,IT & Digital,Manager,Open-ended,52,Male,2015-11-08,
EMP00871,IT & Digital,Manager,Open-ended,57,Female,2016-10-18,
EMP00872,IT & Digital,Manager,Open-ended,46,Female,2013-05-30,
EMP00873,IT & Digital,Manager,Open-ended,54,Male,2021-12-07,
EMP00874,IT & Digital,Manager,Open-ended,46,Female,2012-04-03,
EMP00875,IT & Digital,Manager,Open-ended,50,Male,2020-01-18,
EMP00876,IT & Digital,Manager,Open-ended,41,Male,2015-01-26,
EMP00877,IT & Digital,Manager,Open-ended,55,Female,2015-01-12,2016-03-20
EMP00878,IT & Digital,Manager,Open-ended,48,Male,2018-09-12,
EMP00879,IT & Digital,Manager,Open-ended,49,Female,2021-08-27,2025-07-08
EMP00880,IT & Digital,Manager,Open-ended,58,Male,2011-03-13,
EMP00881,IT & Digital,Manager,Open-ended,52,Female,2013-07-29,
EMP00882,IT & Digital,Manager,Fixed-term,54,Male,2023-07-20,
EMP00883,IT & Digital,Manager,Open-ended,52,Female,2021-10-11,
EMP00884,IT & Digital,Manager,Open-ended,46,Female,2022-12-07,
EMP00885,IT & Digital,Manager,Fixed-term,44,Male,2015-04-01,
EMP00886,IT & Digital,Manager,Open-ended,56,Female,2020-10-13,
EMP00887,IT & Digital,Manager,Open-ended,53,Female,2021-09-04,
EMP00888,IT & Digital,Manager,Fixed-term,50,Female,2014-04-16,
EMP00889,IT & Digital,Manager,Open-ended,58,Male,2022-08-14,
EMP00890,IT & Digital,Manager,Open-ended,40,Male,2025-01-13,
EMP00891,IT & Digital,Manager,Open-ended,45,Male,2018-05-14,
EMP00892,IT & Digital,Director,Open-ended,64,Male,2019-01-13,
EMP00893,IT & Digital,Director,Open-ended,62,Female,2012-06-15,
EMP00894,IT & Digital,Director,Open-ended,55,Female,2025-12-18,
EMP00895,IT & Digital,Director,Open-ended,57,Male,2024-03-30,
EMP00896,IT & Digital,Director,Open-ended,63,Male,2021-07-07,
EMP00897,IT & Digital,Director,Open-ended,63,Male,2017-05-26,
EMP00898,IT & Digital,Director,Open-ended,47,Male,2014-05-13,
EMP00899,IT & Digital,Director,Open-ended,60,Male,2023-07-13,2024-09-24
EMP00900,IT & Digital,Director,Open-ended,65,Male,2020-11-06,
EMP00901,HR & Operations,Assistant,Open-ended,29,Female,2014-11-13,
EMP00902,HR & Operations,Assistant,Fixed-term,29,Female,2023-03-04,
EMP00903,HR & Operations,Assistant,Fixed-term,34,Male,2025-12-12,
EMP00904,HR & Operations,Assistant,Fixed-term,24,Male,2018-06-23,
EMP00905,HR & Operations,Assistant,Fixed-term,31,Female,2023-02-15,
EMP00906,HR & Operations,Assistant,Fixed-term,29,Male,2015-07-23,
EMP00907,HR & Operations,Assistant,Fixed-term,31,Male,2017-01-27,
EMP00908,HR & Operations,Assistant,Fixed-term,28,Female,2018-12-28,
EMP00909,HR & Operations,Assistant,Fixed-term,25,Female,2022-09-18,
EMP00910,HR & Operations,Assistant,Fixed-term,30,Female,2016-09-16,2018-02-06
EMP00911,HR & Operations,Assistant,Open-ended,33,Male,2015-12-04,
EMP00912,HR & Operations,Assistant,Fixed-term,31,Male,2019-01-04,
EMP00913,HR & Operations,Assistant,Fixed-term,24,Male,2015-02-08,
EMP00914,HR & Operations,Assistant,Fixed-term,35,Male,2015-04-01,
EMP00915,HR & Operations,Assistant,Fixed-term,31,Male,2018-05-08,
EMP00916,HR & Operations,Assistant,Open-ended,26,Female,2018-05-29,
EMP00917,HR & Operations,Assistant,Open-ended,25,Female,2020-03-23,
EMP00918,HR & Operations,Assistant,Open-ended,24,Female,2024-11-18,
EMP00919,HR & Operations,Assistant,Fixed-term,31,Male,2022-11-02,
EMP00920,HR & Operations,Assistant,Fixed-term,27,Female,2020-11-26,
EMP00921,HR & Operations,Assistant,Fixed-term,35,Male,2022-04-17,
EMP00922,HR & Operations,Assistant,Open-ended,28,Male,2015-08-03,
EMP00923,HR & Operations,Assistant,Fixed-term,29,Female,2011-08-04,
EMP00924,HR & Operations,Assistant,Fixed-term,24,Male,2022-11-20,
EMP00925,HR & Operations,Assistant,Fixed-term,32,Female,2020-07-15,
EMP00926,HR & Operations,Assistant,Fixed-term,24,Female,2014-06-06,
EMP00927,HR & Operations,Assistant,Fixed-term,34,Female,2020-05-19,
EMP00928,HR & Operations,Assistant,Open-ended,26,Female,2019-02-02,2025-07-13
EMP00929,HR & Operations,Assistant,Fixed-term,31,Male,2022-12-13,2024-07-30
EMP00930,HR & Operations,Assistant,Fixed-term,32,Female,2013-10-06,
EMP00931,HR & Operations,Assistant,Open-ended,26,Female,2013-08-08,
EMP00932,HR & Operations,Assistant,Fixed-term,31,Female,2017-08-12,2021-03-12
EMP00933,HR & Operations,Assistant,Open-ended,25,Female,2012-12-25,
EMP00934,HR & Operations,Assistant,Open-ended,33,Male,2019-10-26,
EMP00935,HR & Operations,Assistant,Open-ended,31,Female,2011-08-16,
EMP00936,HR & Operations,Assistant,Fixed-term,25,Female,2012-10-14,
EMP00937,HR & Operations,Assistant,Fixed-term,28,Female,2021-01-09,
EMP00938,HR & Operations,Assistant,Fixed-term,23,Male,2017-02-27,
EMP00939,HR & Operations,Assistant,Open-ended,25,Male,2012-02-13,
EMP00940,HR & Operations,Assistant,Fixed-term,35,Female,2019-02-24,2022-02-02
EMP00941,HR & Operations,Assistant,Fixed-term,28,Male,2019-09-23,
EMP00942,HR & Operations,Assistant,Fixed-term,26,Female,2023-05-17,
EMP00943,HR & Operations,Assistant,Open-ended,24,Male,2015-10-28,2017-11-19
EMP00944,HR & Operations,Assistant,Fixed-term,35,Female,2022-07-13,
EMP00945,HR & Operations,Assistant,Fixed-term,24,Male,2022-01-18,
EMP00946,HR & Operations,Analyst,Fixed-term,35,Female,2024-12-24,
EMP00947,HR & Operations,Analyst,Fixed-term,31,Female,2013-12-18,
EMP00948,HR & Operations,Analyst,Fixed-term,37,Male,2024-08-20,
EMP00949,HR & Operations,Analyst,Fixed-term,32,Female,2018-05-01,
EMP00950,HR & Operations,Analyst,Fixed-term,31,Male,2019-12-18,
EMP00951,HR & Operations,Analyst,Fixed-term,36,Male,2018-05-20,
EMP00952,HR & Operations,Analyst,Open-ended,29,Female,2017-05-24,
EMP00953,HR & Operations,Analyst,Fixed-term,28,Female,2011-09-10,
EMP00954,HR & Operations,Analyst,Open-ended,38,Female,2017-02-23,
EMP00955,HR & Operations,Analyst,Open-ended,31,Male,2024-07-05,
EMP00956,HR & Operations,Analyst,Fixed-term,35,Female,2025-03-02,
EMP00957,HR & Operations,Analyst,Open-ended,38,Female,2024-12-27,
EMP00958,HR & Operations,Analyst,Open-ended,30,Male,2013-05-12,
EMP00959,HR & Operations,Analyst,Open-ended,29,Male,2023-08-08,
EMP00960,HR & Operations,Analyst,Open-ended,28,Male,2016-02-01,
EMP00961,HR & Operations,Analyst,Fixed-term,38,Female,2018-08-07,
EMP00962,HR & Operations,Analyst,Open-ended,38,Male,2011-10-05,
EMP00963,HR & Operations,Analyst,Fixed-term,34,Female,2021-06-02,
EMP00964,HR & Operations,Analyst,Open-ended,40,Male,2017-01-19,
EMP00965,HR & Operations,Analyst,Open-ended,29,Female,2017-01-05,
EMP00966,HR & Operations,Analyst,Open-ended,33,Male,2014-06-21,
EMP00967,HR & Operations,Analyst,Fixed-term,35,Female,2015-03-23,
EMP00968,HR & Operations,Analyst,Open-ended,31,Female,2016-06-16,
EMP00969,HR & Operations,Analyst,Fixed-term,32,Female,2011-04-08,
EMP00970,HR & Operations,Analyst,Open-ended,39,Female,2021-12-11,
EMP00971,HR & Operations,Analyst,Open-ended,32,Female,2013-11-07,
EMP00972,HR & Operations,Analyst,Open-ended,34,Male,2013-12-06,
EMP00973,HR & Operations,Analyst,Open-ended,39,Male,2019-02-05,
EMP00974,HR & Operations,Analyst,Fixed-term,32,Male,2013-07-27,2025-11-08
EMP00975,HR & Operations,Analyst,Fixed-term,39,Female,2012-08-07,
EMP00976,HR & Operations,Analyst,Fixed-term,36,Female,2015-06-16,
EMP00977,HR & Operations,Analyst,Fixed-term,33,Female,2019-12-07,
EMP00978,HR & Operations,Analyst,Fixed-term,40,Male,2018-07-28,
EMP00979,HR & Operations,Analyst,Fixed-term,29,Female,2021-01-29,
EMP00980,HR & Operations,Analyst,Fixed-term,34,Male,2022-12-07,
EMP00981,HR & Operations,Analyst,Fixed-term,39,Female,2025-08-22,
EMP00982,HR & Operations,Analyst,Open-ended,39,Male,2020-12-14,
EMP00983,HR & Operations,Analyst,Fixed-term,38,Male,2024-01-24,
EMP00984,HR & Operations,Analyst,Fixed-term,36,Female,2017-12-06,
EMP00985,HR & Operations,Analyst,Fixed-term,36,Female,2019-10-31,2020-10-31
EMP00986,HR & Operations,Analyst,Fixed-term,35,Female,2017-05-02,
EMP00987,HR & Operations,Analyst,Open-ended,39,Male,2018-12-30,
EMP00988,HR & Operations,Analyst,Open-ended,35,Male,2018-07-08,
EMP00989,HR & Operations,Analyst,Open-ended,37,Female,2012-06-16,
EMP00990,HR & Operations,Analyst,Open-ended,28,Female,2011-07-13,
EMP00991,HR & Operations,Analyst,Open-ended,31,Male,2020-01-27,
EMP00992,HR & Operations,Analyst,Open-ended,32,Female,2024-04-23,
EMP00993,HR & Operations,Analyst,Open-ended,28,Male,2019-11-14,
EMP00994,HR & Operations,Analyst,Open-ended,28,Male,2022-10-19,
EMP00995,HR & Operations,Analyst,Open-ended,28,Female,2021-06-17,
EMP00996,HR & Operations,Analyst,Open-ended,34,Male,2023-06-07,
EMP00997,HR & Operations,Analyst,Fixed-term,28,Female,2017-12-23,
EMP00998,HR & Operations,Analyst,Open-ended,34,Male,2022-09-20,
EMP00999,HR & Operations,Analyst,Fixed-term,38,Male,2022-11-10,2024-11-03
EMP01000,HR & Operations,Senior Analyst,Open-ended,49,Female,2021-08-09,
EMP01001,HR & Operations,Senior Analyst,Fixed-term,46,Male,2024-04-24,
EMP01002,HR & Operations,Senior Analyst,Open-ended,42,Male,2017-06-24,
EMP01003,HR & Operations,Senior Analyst,Fixed-term,42,Male,2014-02-13,
EMP01004,HR & Operations,Senior Analyst,Open-ended,50,Male,2014-08-29,
EMP01005,HR & Operations,Senior Analyst,Open-ended,46,Male,2011-04-25,
EMP01006,HR & Operations,Senior Analyst,Fixed-term,47,Male,2025-08-23,2025-12-24
EMP01007,HR & Operations,Senior Analyst,Open-ended,40,Male,2025-04-24,
EMP01008,HR & Operations,Senior Analyst,Open-ended,38,Female,2013-05-02,
EMP01009,HR & Operations,Senior Analyst,Open-ended,49,Male,2012-07-25,
EMP01010,HR & Operations,Senior Analyst,Fixed-term,37,Female,2025-07-16,
EMP01011,HR & Operations,Senior Analyst,Open-ended,45,Male,2012-05-23,
EMP01012,HR & Operations,Senior Analyst,Open-ended,41,Male,2012-02-05,
EMP01013,HR & Operations,Senior Analyst,Fixed-term,44,Male,2013-09-26,
EMP01014,HR & Operations,Senior Analyst,Open-ended,46,Female,2013-06-21,
EMP01015,HR & Operations,Senior Analyst,Open-ended,38,Male,2012-11-09,
EMP01016,HR & Operations,Senior Analyst,Open-ended,40,Male,2020-03-29,
EMP01017,HR & Operations,Senior Analyst,Open-ended,43,Male,2015-09-08,
EMP01018,HR & Operations,Senior Analyst,Fixed-term,39,Male,2013-06-29,
EMP01019,HR & Operations,Senior Analyst,Fixed-term,40,Male,2021-04-27,2024-03-06
EMP01020,HR & Operations,Senior Analyst,Open-ended,42,Female,2025-06-21,
EMP01021,HR & Operations,Senior Analyst,Open-ended,47,Male,2015-02-15,
EMP01022,HR & Operations,Senior Analyst,Open-ended,36,Male,2025-10-18,
EMP01023,HR & Operations,Senior Analyst,Open-ended,41,Male,2025-03-02,
EMP01024,HR & Operations,Senior Analyst,Fixed-term,50,Male,2017-06-25,
EMP01025,HR & Operations,Senior Analyst,Open-ended,44,Male,2011-03-03,
EMP01026,HR & Operations,Senior Analyst,Open-ended,38,Male,2023-08-15,
EMP01027,HR & Operations,Senior Analyst,Fixed-term,35,Female,2017-05-02,
EMP01028,HR & Operations,Senior Analyst,Open-ended,36,Female,2018-05-30,
EMP01029,HR & Operations,Senior Analyst,Fixed-term,48,Male,2012-01-15,
EMP01030,HR & Operations,Senior Analyst,Open-ended,44,Male,2013-09-06,
EMP01031,HR & Operations,Senior Analyst,Open-ended,44,Female,2024-09-03,
EMP01032,HR & Operations,Senior Analyst,Open-ended,40,Male,2024-06-25,
EMP01033,HR & Operations,Senior Analyst,Open-ended,36,Female,2020-08-19,
EMP01034,HR & Operations,Senior Analyst,Open-ended,47,Female,2019-02-23,
EMP01035,HR & Operations,Senior Analyst,Open-ended,36,Female,2018-04-27,
EMP01036,HR & Operations,Senior Analyst,Open-ended,49,Female,2019-10-02,2020-06-12
EMP01037,HR & Operations,Senior Analyst,Open-ended,46,Female,2019-06-09,
EMP01038,HR & Operations,Senior Analyst,Fixed-term,38,Female,2025-08-09,
EMP01039,HR & Operations,Senior Analyst,Open-ended,41,Male,2020-06-25,
EMP01040,HR & Operations,Senior Analyst,Open-ended,39,Male,2022-05-21,
EMP01041,HR & Operations,Senior Analyst,Fixed-term,39,Male,2013-11-11,
EMP01042,HR & Operations,Senior Analyst,Fixed-term,41,Female,2022-10-31,
EMP01043,HR & Operations,Senior Analyst,Open-ended,49,Female,2023-04-17,
EMP01044,HR & Operations,Senior Analyst,Open-ended,43,Male,2018-10-11,
EMP01045,HR & Operations,Manager,Open-ended,44,Male,2016-03-20,
EMP01046,HR & Operations,Manager,Open-ended,53,Female,2018-12-30,
EMP01047,HR & Operations,Manager,Open-ended,48,Male,2021-02-11,
EMP01048,HR & Operations,Manager,Open-ended,54,Female,2022-10-24,
EMP01049,HR & Operations,Manager,Open-ended,43,Female,2024-07-07,
EMP01050,HR & Operations,Manager,Open-ended,43,Female,2012-09-01,
EMP01051,HR & Operations,Manager,Open-ended,41,Female,2023-06-28,
EMP01052,HR & Operations,Manager,Open-ended,55,Male,2013-06-21,
EMP01053,HR & Operations,Manager,Open-ended,56,Male,2024-08-28,
EMP01054,HR & Operations,Manager,Open-ended,46,Male,2013-08-13,
EMP01055,HR & Operations,Manager,Open-ended,48,Male,2013-07-23,
EMP01056,HR & Operations,Manager,Open-ended,54,Female,2018-03-29,
EMP01057,HR & Operations,Manager,Open-ended,56,Male,2020-07-07,
EMP01058,HR & Operations,Manager,Open-ended,55,Male,2020-08-29,
EMP01059,HR & Operations,Manager,Open-ended,57,Female,2012-09-16,
EMP01060,HR & Operations,Manager,Open-ended,51,Female,2020-03-08,
EMP01061,HR & Operations,Manager,Open-ended,55,Female,2019-06-22,
EMP01062,HR & Operations,Manager,Open-ended,52,Male,2017-11-09,
EMP01063,HR & Operations,Manager,Open-ended,52,Male,2025-06-09,
EMP01064,HR & Operations,Manager,Open-ended,44,Female,2022-06-06,
EMP01065,HR & Operations,Manager,Open-ended,49,Male,2015-02-13,
EMP01066,HR & Operations,Manager,Open-ended,40,Male,2019-09-22,
EMP01067,HR & Operations,Manager,Open-ended,48,Female,2021-01-30,
EMP01068,HR & Operations,Manager,Fixed-term,45,Female,2020-11-01,2023-08-14
EMP01069,HR & Operations,Manager,Open-ended,40,Male,2022-02-05,
EMP01070,HR & Operations,Manager,Open-ended,45,Female,2022-02-14,
EMP01071,HR & Operations,Manager,Open-ended,55,Male,2020-07-12,
EMP01072,HR & Operations,Director,Open-ended,49,Male,2025-04-10,
EMP01073,HR & Operations,Director,Open-ended,45,Female,2023-01-27,
EMP01074,HR & Operations,Director,Open-ended,57,Male,2018-07-31,
EMP01075,HR & Operations,Director,Open-ended,60,Female,2012-02-14,
EMP01076,HR & Operations,Director,Open-ended,61,Female,2012-06-24,
EMP01077,HR & Operations,Director,Open-ended,54,Female,2013-12-13,
EMP01078,HR & Operations,Director,Open-ended,48,Female,2023-06-22,
EMP01079,HR & Operations,Director,Open-ended,51,Female,2023-06-28,
EMP01080,HR & Operations,Director,Open-ended,56,Male,2016-07-22,
EMP01081,Communications,Assistant,Fixed-term,27,Male,2013-01-29,
EMP01082,Communications,Assistant,Fixed-term,30,Female,2011-09-03,2020-10-22
EMP01083,Communications,Assistant,Fixed-term,34,Male,2012-03-31,
EMP01084,Communications,Assistant,Fixed-term,34,Male,2017-11-22,
EMP01085,Communications,Assistant,Fixed-term,33,Female,2022-08-06,
EMP01086,Communications,Assistant,Open-ended,33,Male,2012-12-16,
EMP01087,Communications,Assistant,Open-ended,30,Male,2025-07-24,
EMP01088,Communications,Assistant,Fixed-term,28,Female,2016-09-10,2019-12-27
EMP01089,Communications,Assistant,Fixed-term,25,Male,2021-07-07,
EMP01090,Communications,Assistant,Fixed-term,31,Male,2018-09-03,
EMP01091,Communications,Assistant,Fixed-term,26,Female,2022-07-02,2025-09-03
EMP01092,Communications,Assistant,Fixed-term,31,Female,2022-10-20,
EMP01093,Communications,Assistant,Open-ended,29,Male,2025-01-09,
EMP01094,Communications,Assistant,Fixed-term,29,Male,2016-09-10,
EMP01095,Communications,Assistant,Fixed-term,28,Male,2023-03-05,
EMP01096,Communications,Assistant,Fixed-term,28,Male,2017-04-17,2018-09-08
EMP01097,Communications,Assistant,Fixed-term,34,Female,2014-08-22,2015-07-13
EMP01098,Communications,Assistant,Fixed-term,32,Female,2018-09-08,
EMP01099,Communications,Assistant,Fixed-term,30,Female,2017-08-05,2018-06-11
EMP01100,Communications,Assistant,Fixed-term,25,Female,2023-08-11,
EMP01101,Communications,Assistant,Fixed-term,35,Female,2015-12-10,
EMP01102,Communications,Assistant,Open-ended,24,Female,2011-04-13,
EMP01103,Communications,Assistant,Fixed-term,32,Male,2017-11-28,
EMP01104,Communications,Assistant,Open-ended,34,Male,2021-03-12,
EMP01105,Communications,Assistant,Fixed-term,27,Female,2014-03-26,
EMP01106,Communications,Assistant,Fixed-term,28,Male,2023-01-09,
EMP01107,Communications,Assistant,Fixed-term,29,Female,2021-11-26,
EMP01108,Communications,Assistant,Fixed-term,33,Female,2025-04-19,2025-05-09
EMP01109,Communications,Assistant,Fixed-term,31,Male,2018-08-27,
EMP01110,Communications,Assistant,Fixed-term,28,Female,2024-05-14,
EMP01111,Communications,Analyst,Fixed-term,33,Male,2015-12-30,
EMP01112,Communications,Analyst,Fixed-term,28,Male,2017-01-26,
EMP01113,Communications,Analyst,Fixed-term,32,Female,2023-08-17,
EMP01114,Communications,Analyst,Open-ended,38,Male,2011-05-04,
EMP01115,Communications,Analyst,Open-ended,30,Male,2017-08-31,
EMP01116,Communications,Analyst,Fixed-term,32,Female,2018-09-28,
EMP01117,Communications,Analyst,Fixed-term,38,Male,2013-08-17,
EMP01118,Communications,Analyst,Fixed-term,32,Female,2023-08-09,
EMP01119,Communications,Analyst,Fixed-term,37,Male,2016-05-19,
EMP01120,Communications,Analyst,Fixed-term,37,Female,2025-02-04,
EMP01121,Communications,Analyst,Open-ended,28,Male,2019-06-05,
EMP01122,Communications,Analyst,Fixed-term,29,Female,2025-06-03,
EMP01123,Communications,Analyst,Open-ended,30,Female,2019-03-01,
EMP01124,Communications,Analyst,Fixed-term,30,Female,2022-11-21,
EMP01125,Communications,Analyst,Open-ended,37,Female,2022-01-21,
EMP01126,Communications,Analyst,Fixed-term,37,Male,2012-06-22,
EMP01127,Communications,Analyst,Fixed-term,28,Female,2013-11-08,
EMP01128,Communications,Analyst,Fixed-term,37,Male,2015-07-03,
EMP01129,Communications,Analyst,Open-ended,28,Male,2013-09-11,
EMP01130,Communications,Analyst,Fixed-term,34,Female,2012-04-19,
EMP01131,Communications,Analyst,Open-ended,38,Male,2023-07-25,
EMP01132,Communications,Analyst,Fixed-term,33,Female,2025-02-02,
EMP01133,Communications,Analyst,Open-ended,31,Male,2016-10-16,
EMP01134,Communications,Analyst,Open-ended,36,Female,2014-12-25,
EMP01135,Communications,Analyst,Fixed-term,31,Female,2026-01-20,
EMP01136,Communications,Analyst,Open-ended,40,Male,2024-03-03,
EMP01137,Communications,Analyst,Fixed-term,36,Female,2023-12-19,2024-07-26
EMP01138,Communications,Analyst,Open-ended,35,Female,2021-04-13,
EMP01139,Communications,Analyst,Fixed-term,37,Male,2019-03-27,
EMP01140,Communications,Analyst,Fixed-term,31,Female,2011-04-14,
EMP01141,Communications,Analyst,Fixed-term,32,Male,2025-05-05,2025-08-16
EMP01142,Communications,Analyst,Fixed-term,35,Male,2022-02-21,
EMP01143,Communications,Analyst,Open-ended,31,Female,2022-06-10,
EMP01144,Communications,Analyst,Open-ended,39,Female,2017-12-08,
EMP01145,Communications,Analyst,Fixed-term,35,Male,2022-04-01,
EMP01146,Communications,Analyst,Fixed-term,33,Female,2022-03-26,
EMP01147,Communications,Senior Analyst,Open-ended,37,Male,2017-10-14,
EMP01148,Communications,Senior Analyst,Fixed-term,43,Male,2025-03-23,
EMP01149,Communications,Senior Analyst,Fixed-term,44,Female,2025-01-20,
EMP01150,Communications,Senior Analyst,Open-ended,38,Male,2016-02-04,
EMP01151,Communications,Senior Analyst,Open-ended,42,Female,2016-10-21,
EMP01152,Communications,Senior Analyst,Open-ended,44,Female,2023-02-26,
EMP01153,Communications,Senior Analyst,Fixed-term,38,Female,2016-11-22,
EMP01154,Communications,Senior Analyst,Open-ended,36,Male,2015-05-14,
EMP01155,Communications,Senior Analyst,Fixed-term,46,Female,2014-09-07,
EMP01156,Communications,Senior Analyst,Open-ended,50,Male,2025-04-26,
EMP01157,Communications,Senior Analyst,Fixed-term,36,Male,2025-05-22,
EMP01158,Communications,Senior Analyst,Fixed-term,37,Male,2020-04-28,
EMP01159,Communications,Senior Analyst,Open-ended,50,Male,2011-11-03,
EMP01160,Communications,Senior Analyst,Open-ended,35,Male,2019-09-18,
EMP01161,Communications,Senior Analyst,Open-ended,44,Female,2022-03-28,
EMP01162,Communications,Senior Analyst,Open-ended,43,Female,2017-12-21,
EMP01163,Communications,Senior Analyst,Open-ended,44,Female,2016-12-06,
EMP01164,Communications,Senior Analyst,Open-ended,41,Male,2016-05-13,
EMP01165,Communications,Senior Analyst,Fixed-term,50,Male,2015-05-12,
EMP01166,Communications,Senior Analyst,Fixed-term,40,Female,2020-10-10,
EMP01167,Communications,Senior Analyst,Open-ended,42,Male,2016-05-15,
EMP01168,Communications,Senior Analyst,Fixed-term,43,Male,2023-11-25,
EMP01169,Communications,Senior Analyst,Open-ended,37,Male,2021-09-11,
EMP01170,Communications,Senior Analyst,Open-ended,37,Male,2021-05-27,
EMP01171,Communications,Senior Analyst,Fixed-term,41,Female,2015-02-14,
EMP01172,Communications,Senior Analyst,Open-ended,49,Male,2017-09-02,
EMP01173,Communications,Senior Analyst,Open-ended,44,Male,2013-03-15,
EMP01174,Communications,Senior Analyst,Open-ended,36,Female,2016-01-02,
EMP01175,Communications,Senior Analyst,Open-ended,47,Female,2025-08-29,
EMP01176,Communications,Senior Analyst,Open-ended,44,Male,2023-07-19,
EMP01177,Communications,Manager,Open-ended,57,Female,2013-09-11,
EMP01178,Communications,Manager,Open-ended,57,Female,2024-10-03,
EMP01179,Communications,Manager,Open-ended,54,Female,2023-01-31,
EMP01180,Communications,Manager,Fixed-term,47,Female,2023-10-29,
EMP01181,Communications,Manager,Open-ended,58,Male,2017-11-02,
EMP01182,Communications,Manager,Open-ended,58,Female,2012-02-08,
EMP01183,Communications,Manager,Open-ended,51,Male,2016-04-29,
EMP01184,Communications,Manager,Fixed-term,54,Female,2015-12-13,2024-10-02
EMP01185,Communications,Manager,Open-ended,52,Female,2015-10-15,
EMP01186,Communications,Manager,Open-ended,56,Male,2012-12-15,
EMP01187,Communications,Manager,Open-ended,48,Male,2015-12-25,
EMP01188,Communications,Manager,Open-ended,53,Male,2015-05-18,
EMP01189,Communications,Manager,Open-ended,58,Female,2025-05-27,
EMP01190,Communications,Manager,Open-ended,48,Male,2011-10-15,
EMP01191,Communications,Manager,Open-ended,52,Male,2025-03-18,
EMP01192,Communications,Manager,Open-ended,49,Male,2018-10-14,
EMP01193,Communications,Manager,Open-ended,42,Male,2022-09-05,
EMP01194,Communications,Manager,Open-ended,43,Female,2021-03-01,
EMP01195,Communications,Director,Open-ended,57,Female,2014-05-18,
EMP01196,Communications,Director,Open-ended,48,Female,2025-08-05,
EMP01197,Communications,Director,Open-ended,59,Male,2016-08-23,
EMP01198,Communications,Director,Open-ended,63,Male,2024-08-06,
EMP01199,Communications,Director,Open-ended,47,Male,2015-02-06,
EMP01200,Communications,Director,Open-ended,53,Male,2024-05-25,
